"ewe",0,0,"dzí"
"ewe",0,1,"me"
"ewe",0,2,"dzí"
"ewe",0,5,"gbɔ"
"ewe",0,5,"xa"
"ewe",0,6,"nú(tí)"
"ewe",0,7,"dzí"
"ewe",0,8,"nú(tí)"
"ewe",0,10,"dzí"
"ewe",0,11,"nú(tí)"
"ewe",0,13,"me"
"ewe",0,14,"nú(tí)"
"ewe",0,15,"té"
"ewe",0,16,"xa"
"ewe",0,17,"me"
"ewe",0,19,"nú(tí)"
"ewe",0,21,"nú(tí)"
"ewe",0,23,"té"
"ewe",0,24,"nú(tí)"
"ewe",0,25,"nú(tí)"
"ewe",0,26,"dzí"
"ewe",0,27,"dzí"
"ewe",0,28,"dzí"
"ewe",0,29,"me"
"ewe",0,30,"té"
"ewe",0,31,"me"
"ewe",0,32,"dzí"
"ewe",0,32,"nú(tí)"
"ewe",0,33,"tame"
"ewe",0,35,"tame"
"ewe",0,36,"dzí"
"ewe",0,37,"gbɔ"
"ewe",0,37,"xa"
"ewe",0,39,"dzí"
"ewe",0,40,"dzí"
"ewe",0,40,"nú(tí)"
"ewe",0,42,"tame"
"ewe",0,43,"nú(tí)"
"ewe",0,44,"dzí"
"ewe",0,46,"me"
"ewe",0,48,"gbɔ"
"ewe",0,48,"xa"
"ewe",0,49,"nú(tí)"
"ewe",0,51,"nú(tí)"
"ewe",0,52,"té"
"ewe",0,53,"me"
"ewe",0,55,"nú(tí)"
"ewe",0,56,"nú(tí)"
"ewe",0,57,"nú(tí)"
"ewe",0,58,"dzí"
"ewe",0,58,"tame"
"ewe",0,59,"me"
"ewe",0,60,"nú(tí)"
"ewe",0,61,"nu"
"ewe",0,62,"nú(tí)"
"ewe",0,63,"xa"
"ewe",0,63,"gódo"
"ewe",0,64,"dzí"
"ewe",0,64,"tame"
"ewe",0,66,"me"
"ewe",0,66,"tome"
"ewe",0,67,"dzí"
"ewe",0,67,"nú(tí)"
"ewe",0,67,"me"
"ewe",0,69,"nú(tí)"
"ewe",0,70,"me"
"lao",0,0,"theng2"
"lao",0,0,"theng2"
"lao",0,0,"theng2"
"lao",0,1,"naj2"
"lao",0,1,"naj2"
"lao",0,1,"naj2"
"lao",0,2,"naj2"
"lao",0,2,"naa5"
"lao",0,2,"naa5"
"lao",0,2,"cèè3"
"lao",0,3,"kaang3"
"lao",0,3,"kaang3"
"lao",0,3,"qòòm4"
"lao",0,4,"theng2"
"lao",0,4,"theng2"
"lao",0,5,"khaang5"
"lao",0,5,"nòòk4"
"lao",0,5,"nòòk4"
"lao",0,5,"pèq2"
"lao",0,6,"theng2"
"lao",0,6,"theng2"
"lao",0,7,"theng2"
"lao",0,7,"theng2"
"lao",0,7,"naa5"
"lao",0,9,"naj2"
"lao",0,10,"theng2"
"lao",0,10,"theng2"
"lao",0,10,"naa5"
"lao",0,10,"kaang3"
"lao",0,11,"paaj3"
"lao",0,12,"theng2"
"lao",0,12,"nùa3"
"lao",0,12,"nùa3"
"lao",0,13,"naj2"
"lao",0,13,"naj2"
"lao",0,13,"theng2"
"lao",0,13,"faa3"
"lao",0,14,"qòòm4"
"lao",0,14,"qòòm4"
"lao",0,14,"qòòm4"
"lao",0,15,"kòòng4"
"lao",0,15,"kòòng4"
"lao",0,15,"kòòng4"
"lao",0,16,"kaang3"
"lao",0,16,"tiin3"
"lao",0,17,"naj2"
"lao",0,17,"kaang3"
"lao",0,18,"naj2"
"lao",0,18,"naj2"
"lao",0,18,"naj2"
"lao",0,18,"theng2"
"lao",0,19,"paaj3"
"lao",0,19,"paaj3"
"lao",0,19,"paaj3"
"lao",0,21,"naj2"
"lao",0,22,"theng2"
"lao",0,22,"theng2"
"lao",0,22,"theng2"
"lao",0,23,"kòòng4"
"lao",0,23,"kòòng4"
"lao",0,23,"kòòng4"
"lao",0,24,"pèq2"
"lao",0,25,"khaang5"
"lao",0,25,"khaang5"
"lao",0,25,"khaang5"
"lao",0,26,"naj2"
"lao",0,26,"theng2"
"lao",0,27,"naj2"
"lao",0,27,"naj2"
"lao",0,28,"theng2"
"lao",0,29,"naj2"
"lao",0,30,"kòòng4"
"lao",0,30,"kòòng4"
"lao",0,30,"kòòng4"
"lao",0,31,"naj2"
"lao",0,31,"naj2"
"lao",0,31,"naj2"
"lao",0,33,"theng2"
"lao",0,33,"theng2"
"lao",0,33,"theng2"
"lao",0,34,"naa5"
"lao",0,35,"theng2"
"lao",0,35,"theng2"
"lao",0,35,"theng2"
"lao",0,35,"nùa3"
"lao",0,37,"khaang5"
"lao",0,37,"khaang5"
"lao",0,37,"khaang5"
"lao",0,39,"naj2"
"lao",0,39,"theng2"
"lao",0,39,"theng2"
"lao",0,40,"theng2"
"lao",0,42,"theng2"
"lao",0,44,"naj2"
"lao",0,44,"theng2"
"lao",0,44,"theng2"
"lao",0,45,"qòòm4"
"lao",0,46,"naj2"
"lao",0,46,"theng2"
"lao",0,47,"nòòk4"
"lao",0,48,"khaang5"
"lao",0,48,"khaang5"
"lao",0,48,"khaang5"
"lao",0,52,"kòòng4"
"lao",0,52,"kòòng4"
"lao",0,52,"kòòng4"
"lao",0,53,"naj2"
"lao",0,53,"naj2"
"lao",0,53,"naj2"
"lao",0,54,"qòòm4"
"lao",0,55,"theng2"
"lao",0,55,"paaj3"
"lao",0,55,"paaj3"
"lao",0,56,"naj2"
"lao",0,58,"theng2"
"lao",0,58,"naa5"
"lao",0,58,"naa5"
"lao",0,58,"naa5"
"lao",0,59,"naj2"
"lao",0,59,"naj2"
"lao",0,59,"naj2"
"lao",0,60,"faa3"
"lao",0,60,"faa3"
"lao",0,60,"faa3"
"lao",0,61,"naj2"
"lao",0,62,"naj2"
"lao",0,63,"lang3"
"lao",0,63,"lang3"
"lao",0,63,"lang3"
"lao",0,64,"theng2"
"lao",0,64,"theng2"
"lao",0,66,"naj2"
"lao",0,66,"naj2"
"lao",0,66,"naj2"
"lao",0,69,"theng2"
"lao",0,70,"naj2"
"lao",0,70,"naj2"
"lao",0,70,"naj2"
"lav",0,0,"tat"
"lav",0,1,"o-koli-n"
"lav",0,2,"o-koli-n"
"lav",0,5,"o-rarava-n"
"lav",0,6,"lain"
"lav",0,6,"o-rarava-n"
"lav",0,10,"o-foto-n"
"lav",0,12,"hal"
"lav",0,13,"o-koli-n"
"lav",0,14,"o-koli-n"
"lav",0,15,"umu"
"lav",0,16,"lain"
"lav",0,18,"o-koli-n"
"lav",0,19,"o-kora-n"
"lav",0,22,"tat"
"lav",0,23,"umu"
"lav",0,30,"umu"
"lav",0,31,"o-koli-n"
"lav",0,33,"lain"
"lav",0,35,"hal"
"lav",0,37,"o-rarava-n"
"lav",0,37,"kelei"
"lav",0,39,"tat"
"lav",0,42,"tat"
"lav",0,43,"lain"
"lav",0,46,"o-koli-n"
"lav",0,48,"o-rarava-n"
"lav",0,53,"o-koli-n"
"lav",0,55,"lain"
"lav",0,59,"o-koli-n"
"lav",0,63,"o-vulima-n"
"lav",0,64,"lain"
"lav",0,67,"o-femi-n"
"lav",0,70,"fain"
"tir",0,0,"po"
"tir",0,0,"po"
"tir",0,0,"po"
"tir",0,0,"po"
"tir",0,0,"po"
"tir",0,0,"po"
"tir",0,0,"po"
"tir",0,0,"juuwë"
"tir",0,0,"juuwë"
"tir",0,0,"juuwë"
"tir",0,0,"juuwë"
"tir",0,0,"juuwë"
"tir",0,0,"juuwë"
"tir",0,0,"juuwë"
"tir",0,0,"juuwë"
"tir",0,0,"juuwë"
"tir",0,0,"juuwë"
"tir",0,1,"tao"
"tir",0,1,"tao"
"tir",0,1,"tao"
"tir",0,1,"tao"
"tir",0,1,"tao"
"tir",0,1,"tao"
"tir",0,1,"tao"
"tir",0,1,"tao"
"tir",0,1,"tao"
"tir",0,1,"tao"
"tir",0,1,"awë"
"tir",0,1,"awë"
"tir",0,1,"awë"
"tir",0,1,"awë"
"tir",0,1,"awë"
"tir",0,1,"awë"
"tir",0,1,"awë"
"tir",0,1,"awë"
"tir",0,1,"awë"
"tir",0,2,"tao"
"tir",0,2,"tao"
"tir",0,2,"po"
"tir",0,2,"po"
"tir",0,2,"pë(kë)"
"tir",0,2,"pë(kë)"
"tir",0,2,"pë(kë)"
"tir",0,2,"pë(kë)"
"tir",0,2,"pë(kë)"
"tir",0,2,"pë(kë)"
"tir",0,2,"pë(kë)"
"tir",0,2,"pë(kë)"
"tir",0,2,"pë(kë)"
"tir",0,2,"pë(kë)"
"tir",0,2,"juuwë"
"tir",0,2,"juuwë"
"tir",0,2,"juuwë"
"tir",0,2,"juuwë"
"tir",0,3,"pë(kë)"
"tir",0,3,"pë(kë)"
"tir",0,3,"pë(kë)"
"tir",0,3,"pë(kë)"
"tir",0,3,"pë(kë)"
"tir",0,3,"pë(kë)"
"tir",0,3,"pë(kë)"
"tir",0,3,"pë(kë)"
"tir",0,3,"pë(kë)"
"tir",0,3,"awëe"
"tir",0,3,":roowë"
"tir",0,3,":roowë"
"tir",0,3,":roowë"
"tir",0,3,":roowë"
"tir",0,3,"rawë"
"tir",0,3,"ekatao"
"tir",0,4,"tao"
"tir",0,4,"tao"
"tir",0,4,"tao"
"tir",0,4,"tao"
"tir",0,4,"tao"
"tir",0,4,"tao"
"tir",0,4,"awë"
"tir",0,4,"awë"
"tir",0,4,"po"
"tir",0,4,"pë(kë)"
"tir",0,4,"tae"
"tir",0,4,"tae"
"tir",0,4,"tae"
"tir",0,4,"tae"
"tir",0,4,"juuwë"
"tir",0,4,"juuwë"
"tir",0,4,"juuwë"
"tir",0,4,"juuwë"
"tir",0,4,"rehtë"
"tir",0,4,"awëe"
"tir",0,5,"po"
"tir",0,5,"po"
"tir",0,5,"nkae"
"tir",0,5,"nkae"
"tir",0,5,"nkae"
"tir",0,5,"nkae"
"tir",0,5,"nkae"
"tir",0,5,"nkae"
"tir",0,5,"nkae"
"tir",0,5,"nkae"
"tir",0,5,"ekunnë"
"tir",0,5,"ekunnë"
"tir",0,5,"ekunnë"
"tir",0,5,"ekunnë"
"tir",0,5,"ekunnë"
"tir",0,5,"ekunnë"
"tir",0,5,"ekunnë"
"tir",0,5,"ekunnë"
"tir",0,5,"ekatao"
"tir",0,5,"ekatao"
"tir",0,5,"ekatao"
"tir",0,5,"ekatao"
"tir",0,5,"ekatao"
"tir",0,5,"ekatao"
"tir",0,5,"ekatao"
"tir",0,5,"ekatao"
"tir",0,5,"renao"
"tir",0,5,"renao"
"tir",0,5,"renao"
"tir",0,5,"ranme"
"tir",0,5,"ranme"
"tir",0,5,"ranme"
"tir",0,5,"ranme"
"tir",0,5,"ranme"
"tir",0,5,"ranme"
"tir",0,5,"ranme"
"tir",0,6,"pë(kë)"
"tir",0,6,"pë(kë)"
"tir",0,6,"pë(kë)"
"tir",0,6,"pë(kë)"
"tir",0,6,"pë(kë)"
"tir",0,6,"pë(kë)"
"tir",0,6,"pë(kë)"
"tir",0,6,"pë(kë)"
"tir",0,6,"pë(kë)"
"tir",0,6,"pë(kë)"
"tir",0,7,"tao"
"tir",0,7,"po"
"tir",0,7,"po"
"tir",0,7,"po"
"tir",0,7,"po"
"tir",0,7,"po"
"tir",0,7,"po"
"tir",0,7,"po"
"tir",0,7,"po"
"tir",0,7,"juuwë"
"tir",0,7,"juuwë"
"tir",0,7,"juuwë"
"tir",0,7,"juuwë"
"tir",0,7,"juuwë"
"tir",0,7,"juuwë"
"tir",0,7,"juuwë"
"tir",0,7,"juuwë"
"tir",0,7,"juuwë"
"tir",0,7,"juuwë"
"tir",0,8,"tao"
"tir",0,8,"po"
"tir",0,8,"po"
"tir",0,8,"po"
"tir",0,8,"po"
"tir",0,8,"pë(kë)"
"tir",0,8,"pë(kë)"
"tir",0,8,"tae"
"tir",0,8,"tae"
"tir",0,8,"tae"
"tir",0,8,"tae"
"tir",0,8,"tae"
"tir",0,8,"tae"
"tir",0,8,"tae"
"tir",0,8,"tae"
"tir",0,8,"tae"
"tir",0,8,"tae"
"tir",0,8,"awëe"
"tir",0,8,"awëe"
"tir",0,8,"awëe"
"tir",0,8,"awëe"
"tir",0,8,"awëe"
"tir",0,8,"awëe"
"tir",0,9,"tao"
"tir",0,9,"tao"
"tir",0,9,"tao"
"tir",0,9,"tao"
"tir",0,9,"awë"
"tir",0,9,"awë"
"tir",0,9,"pë(kë)"
"tir",0,9,"pë(kë)"
"tir",0,9,"tae"
"tir",0,9,"tae"
"tir",0,9,"tae"
"tir",0,9,"tae"
"tir",0,9,"tae"
"tir",0,9,"tae"
"tir",0,9,"tae"
"tir",0,9,"tae"
"tir",0,9,"tae"
"tir",0,9,"tae"
"tir",0,9,"awëe"
"tir",0,9,"awëe"
"tir",0,10,"hkao"
"tir",0,10,"hkao"
"tir",0,10,"hkao"
"tir",0,10,"hkao"
"tir",0,10,"hkao"
"tir",0,10,"hkao"
"tir",0,10,"hkao"
"tir",0,10,"hkao"
"tir",0,10,"po"
"tir",0,10,"po"
"tir",0,10,"po"
"tir",0,10,"juuwë"
"tir",0,10,"juuwë"
"tir",0,10,"juuwë"
"tir",0,10,"juuwë"
"tir",0,10,"juuwë"
"tir",0,10,":roowë"
"tir",0,10,":roowë"
"tir",0,10,":roowë"
"tir",0,11,"po"
"tir",0,11,"pë(kë)"
"tir",0,11,"pë(kë)"
"tir",0,11,"pë(kë)"
"tir",0,11,"pë(kë)"
"tir",0,11,"pë(kë)"
"tir",0,11,"pë(kë)"
"tir",0,11,"pë(kë)"
"tir",0,11,"pë(kë)"
"tir",0,11,"pë(kë)"
"tir",0,11,"pë(kë)"
"tir",0,11,"juuwë"
"tir",0,11,"juuwë"
"tir",0,11,"juuwë"
"tir",0,12,"po"
"tir",0,12,"epoe"
"tir",0,12,"epoe"
"tir",0,12,"epoe"
"tir",0,12,"epoe"
"tir",0,12,"epoe"
"tir",0,12,"epoe"
"tir",0,12,"epoe"
"tir",0,12,"epoe"
"tir",0,12,"epoe"
"tir",0,12,"epoe"
"tir",0,13,"tao"
"tir",0,13,"tao"
"tir",0,13,"tao"
"tir",0,13,"tao"
"tir",0,13,"tao"
"tir",0,13,"tao"
"tir",0,13,"tao"
"tir",0,13,"tao"
"tir",0,13,"tao"
"tir",0,13,"tao"
"tir",0,13,"awë"
"tir",0,13,"awë"
"tir",0,13,"awë"
"tir",0,13,"awë"
"tir",0,13,"awë"
"tir",0,13,"awë"
"tir",0,13,"awë"
"tir",0,13,"awë"
"tir",0,13,"tae"
"tir",0,13,"tae"
"tir",0,14,"tao"
"tir",0,14,"tao"
"tir",0,14,"tao"
"tir",0,14,"awë"
"tir",0,14,"po"
"tir",0,14,":roowë"
"tir",0,14,"nkae"
"tir",0,14,"nkae"
"tir",0,14,"nkae"
"tir",0,14,"nkae"
"tir",0,14,"nkae"
"tir",0,14,"nkae"
"tir",0,14,"nkae"
"tir",0,14,"ekunnë"
"tir",0,14,"ekunnë"
"tir",0,14,"ekunnë"
"tir",0,14,"ekunnë"
"tir",0,14,"ekatao"
"tir",0,14,"ekatao"
"tir",0,14,"ekatao"
"tir",0,14,"ranme"
"tir",0,14,"ranme"
"tir",0,14,"ranme"
"tir",0,15,"epinë"
"tir",0,15,"epinë"
"tir",0,15,"epinë"
"tir",0,15,"epinë"
"tir",0,15,"epinë"
"tir",0,15,"epinë"
"tir",0,15,"epinë"
"tir",0,15,"epinë"
"tir",0,15,"epinë"
"tir",0,16,"po"
"tir",0,16,"po"
"tir",0,16,"po"
"tir",0,16,"pë(kë)"
"tir",0,16,"pë(kë)"
"tir",0,16,"juuwë"
"tir",0,16,"juuwë"
"tir",0,16,"juuwë"
"tir",0,16,"aohpo"
"tir",0,16,"aohpo"
"tir",0,16,"aohpo"
"tir",0,16,"aohpo"
"tir",0,16,"aohpo"
"tir",0,16,"aohpo"
"tir",0,16,"aohpo"
"tir",0,16,"aohpo"
"tir",0,16,"aohpo"
"tir",0,16,"aohpo"
"tir",0,16,"empatae"
"tir",0,16,"empatae"
"tir",0,16,"empatae"
"tir",0,16,"empatae"
"tir",0,16,"empatae"
"tir",0,16,"empatae"
"tir",0,16,"rawë"
"tir",0,16,"ekunnë"
"tir",0,17,"tao"
"tir",0,17,"awë"
"tir",0,17,"po"
"tir",0,17,"pë(kë)"
"tir",0,17,"pë(kë)"
"tir",0,17,"pë(kë)"
"tir",0,17,"pë(kë)"
"tir",0,17,"pë(kë)"
"tir",0,17,"pë(kë)"
"tir",0,17,"pë(kë)"
"tir",0,17,"pë(kë)"
"tir",0,17,":roowë"
"tir",0,17,":roowë"
"tir",0,17,":roowë"
"tir",0,18,"tao"
"tir",0,18,"tao"
"tir",0,18,"tao"
"tir",0,18,"tao"
"tir",0,18,"tao"
"tir",0,18,"tao"
"tir",0,18,"tao"
"tir",0,18,"tao"
"tir",0,18,"tao"
"tir",0,18,"tao"
"tir",0,18,"awë"
"tir",0,18,"awë"
"tir",0,18,"awë"
"tir",0,18,"awë"
"tir",0,18,"awë"
"tir",0,18,"awë"
"tir",0,18,"awë"
"tir",0,18,"awë"
"tir",0,18,"tae"
"tir",0,18,":roowë"
"tir",0,18,":roowë"
"tir",0,19,"po"
"tir",0,19,"pë(kë)"
"tir",0,19,"pë(kë)"
"tir",0,19,"pë(kë)"
"tir",0,19,"pë(kë)"
"tir",0,19,"pë(kë)"
"tir",0,19,"pë(kë)"
"tir",0,19,"pë(kë)"
"tir",0,19,"pë(kë)"
"tir",0,19,"pë(kë)"
"tir",0,19,"pë(kë)"
"tir",0,19,"tae"
"tir",0,19,"tae"
"tir",0,19,"tae"
"tir",0,19,"tae"
"tir",0,19,"awëe"
"tir",0,19,"awëe"
"tir",0,19,"awëe"
"tir",0,19,"awëe"
"tir",0,20,"tao"
"tir",0,20,"tao"
"tir",0,20,"tao"
"tir",0,20,"tao"
"tir",0,20,"awë"
"tir",0,20,"awë"
"tir",0,20,"pë(kë)"
"tir",0,20,"pë(kë)"
"tir",0,20,"pë(kë)"
"tir",0,20,"tae"
"tir",0,20,"tae"
"tir",0,20,"tae"
"tir",0,20,"tae"
"tir",0,20,"tae"
"tir",0,20,"tae"
"tir",0,20,"tae"
"tir",0,20,"tae"
"tir",0,20,"tae"
"tir",0,21,"tao"
"tir",0,21,"tao"
"tir",0,21,"tao"
"tir",0,21,"tao"
"tir",0,21,"tao"
"tir",0,21,"awë"
"tir",0,21,"awë"
"tir",0,21,"tae"
"tir",0,21,"tae"
"tir",0,21,"tae"
"tir",0,21,"tae"
"tir",0,21,"tae"
"tir",0,21,"tae"
"tir",0,21,"tae"
"tir",0,21,"tae"
"tir",0,21,"tae"
"tir",0,21,"awëe"
"tir",0,22,"po"
"tir",0,22,"po"
"tir",0,22,"po"
"tir",0,22,"po"
"tir",0,22,"po"
"tir",0,22,"tae"
"tir",0,22,"juuwë"
"tir",0,22,"juuwë"
"tir",0,22,"juuwë"
"tir",0,22,"juuwë"
"tir",0,22,"juuwë"
"tir",0,22,"juuwë"
"tir",0,22,"juuwë"
"tir",0,22,"juuwë"
"tir",0,22,"juuwë"
"tir",0,22,"rehtë"
"tir",0,22,"rehtë"
"tir",0,22,"rehtë"
"tir",0,22,"rehtë"
"tir",0,22,"rehtë"
"tir",0,22,"rehtë"
"tir",0,22,"rehtë"
"tir",0,22,"rehtë"
"tir",0,22,"rehtë"
"tir",0,22,"rehtë"
"tir",0,23,"tao"
"tir",0,23,"po"
"tir",0,23,"epinë"
"tir",0,23,"epinë"
"tir",0,23,"epinë"
"tir",0,23,"epinë"
"tir",0,23,"epinë"
"tir",0,23,"epinë"
"tir",0,23,"epinë"
"tir",0,23,"epinë"
"tir",0,23,"epinë"
"tir",0,23,"epinë"
"tir",0,23,"anmao"
"tir",0,23,"anmao"
"tir",0,23,"anmao"
"tir",0,24,"po"
"tir",0,24,"pë(kë)"
"tir",0,24,"pë(kë)"
"tir",0,24,"pë(kë)"
"tir",0,24,"pë(kë)"
"tir",0,24,"pë(kë)"
"tir",0,24,"pë(kë)"
"tir",0,24,"pë(kë)"
"tir",0,24,"pë(kë)"
"tir",0,24,"pë(kë)"
"tir",0,24,"pë(kë)"
"tir",0,24,"tae"
"tir",0,24,"tae"
"tir",0,24,"awëe"
"tir",0,25,"pë(kë)"
"tir",0,25,"aohpo"
"tir",0,25,":roowë"
"tir",0,25,":roowë"
"tir",0,25,":roowë"
"tir",0,25,":roowë"
"tir",0,26,"po"
"tir",0,26,"po"
"tir",0,26,"pë(kë)"
"tir",0,26,"pë(kë)"
"tir",0,26,"pë(kë)"
"tir",0,26,"pë(kë)"
"tir",0,26,"pë(kë)"
"tir",0,26,"pë(kë)"
"tir",0,26,"pë(kë)"
"tir",0,26,"pë(kë)"
"tir",0,26,"pë(kë)"
"tir",0,26,"pë(kë)"
"tir",0,26,"awëe"
"tir",0,26,"epinë"
"tir",0,26,"rawë"
"tir",0,27,"tao"
"tir",0,27,"tao"
"tir",0,27,"tao"
"tir",0,27,"tao"
"tir",0,27,"tao"
"tir",0,27,"awë"
"tir",0,27,"po"
"tir",0,27,"po"
"tir",0,27,"pë(kë)"
"tir",0,27,"pë(kë)"
"tir",0,27,"pë(kë)"
"tir",0,27,"pë(kë)"
"tir",0,27,"pë(kë)"
"tir",0,27,"pë(kë)"
"tir",0,27,"pë(kë)"
"tir",0,27,"pë(kë)"
"tir",0,27,"pë(kë)"
"tir",0,27,"pë(kë)"
"tir",0,28,"tao"
"tir",0,28,"po"
"tir",0,28,"po"
"tir",0,28,"po"
"tir",0,28,"po"
"tir",0,28,"po"
"tir",0,28,"po"
"tir",0,28,"pë(kë)"
"tir",0,28,"juuwë"
"tir",0,28,"juuwë"
"tir",0,28,"juuwë"
"tir",0,28,"juuwë"
"tir",0,28,"juuwë"
"tir",0,28,"juuwë"
"tir",0,28,"juuwë"
"tir",0,28,"juuwë"
"tir",0,28,"juuwë"
"tir",0,29,"tao"
"tir",0,29,"tao"
"tir",0,29,"tao"
"tir",0,29,"tao"
"tir",0,29,"tao"
"tir",0,29,"tao"
"tir",0,29,"tao"
"tir",0,29,"tao"
"tir",0,29,"tao"
"tir",0,29,"awë"
"tir",0,29,"awë"
"tir",0,29,"awë"
"tir",0,29,"awë"
"tir",0,29,"awë"
"tir",0,29,"awë"
"tir",0,29,"pë(kë)"
"tir",0,29,"tae"
"tir",0,29,"tae"
"tir",0,29,"tae"
"tir",0,29,"tae"
"tir",0,29,"tae"
"tir",0,29,":roowë"
"tir",0,29,"rawë"
"tir",0,30,"epinë"
"tir",0,30,"epinë"
"tir",0,30,"epinë"
"tir",0,30,"epinë"
"tir",0,30,"epinë"
"tir",0,30,"epinë"
"tir",0,30,"epinë"
"tir",0,30,"epinë"
"tir",0,30,"epinë"
"tir",0,30,"epinë"
"tir",0,31,"tao"
"tir",0,31,"tao"
"tir",0,31,"tao"
"tir",0,31,"tao"
"tir",0,31,"tao"
"tir",0,31,"tao"
"tir",0,31,"tao"
"tir",0,31,"tao"
"tir",0,31,"tao"
"tir",0,31,"tao"
"tir",0,31,"awë"
"tir",0,31,"awë"
"tir",0,31,"awë"
"tir",0,31,"awë"
"tir",0,31,"awë"
"tir",0,31,"awë"
"tir",0,31,"awë"
"tir",0,31,"awë"
"tir",0,31,"hkao"
"tir",0,31,"hkao"
"tir",0,32,"tao"
"tir",0,32,"tao"
"tir",0,32,"tao"
"tir",0,32,"tao"
"tir",0,32,"tao"
"tir",0,32,"tao"
"tir",0,32,"awë"
"tir",0,32,"awë"
"tir",0,32,"po"
"tir",0,32,"po"
"tir",0,32,"pë(kë)"
"tir",0,32,"pë(kë)"
"tir",0,32,"pë(kë)"
"tir",0,32,"pë(kë)"
"tir",0,32,"pë(kë)"
"tir",0,32,"pë(kë)"
"tir",0,32,"pë(kë)"
"tir",0,32,"pë(kë)"
"tir",0,32,"tae"
"tir",0,32,"tae"
"tir",0,32,"tae"
"tir",0,32,"tae"
"tir",0,32,"tae"
"tir",0,32,"tae"
"tir",0,32,"tae"
"tir",0,32,"tae"
"tir",0,32,"tae"
"tir",0,32,"awëe"
"tir",0,32,"awëe"
"tir",0,32,"awëe"
"tir",0,32,"awëe"
"tir",0,32,"awëe"
"tir",0,32,"awëe"
"tir",0,32,":roowë"
"tir",0,32,"rawë"
"tir",0,33,"po"
"tir",0,33,"po"
"tir",0,33,"po"
"tir",0,33,"juuwë"
"tir",0,33,"juuwë"
"tir",0,33,"juuwë"
"tir",0,33,"juuwë"
"tir",0,33,"juuwë"
"tir",0,33,"juuwë"
"tir",0,33,"rehtë"
"tir",0,33,"aohpo"
"tir",0,33,"aohpo"
"tir",0,33,"aohpo"
"tir",0,33,"aohpo"
"tir",0,33,"aohpo"
"tir",0,33,"empatae"
"tir",0,33,"empatae"
"tir",0,34,"tao"
"tir",0,34,"po"
"tir",0,34,"po"
"tir",0,34,"po"
"tir",0,34,"po"
"tir",0,34,"po"
"tir",0,34,"po"
"tir",0,34,"po"
"tir",0,34,"pë(kë)"
"tir",0,34,"pë(kë)"
"tir",0,34,"pë(kë)"
"tir",0,34,"pë(kë)"
"tir",0,34,"pë(kë)"
"tir",0,34,"pë(kë)"
"tir",0,34,"pë(kë)"
"tir",0,34,"pë(kë)"
"tir",0,34,"pë(kë)"
"tir",0,34,"pë(kë)"
"tir",0,35,"po"
"tir",0,35,"epoe"
"tir",0,35,"epoe"
"tir",0,35,"epoe"
"tir",0,35,"epoe"
"tir",0,35,"epoe"
"tir",0,35,"epoe"
"tir",0,35,"epoe"
"tir",0,35,"epoe"
"tir",0,35,"epoe"
"tir",0,35,"epoe"
"tir",0,36,"tao"
"tir",0,36,"awë"
"tir",0,36,"pë(kë)"
"tir",0,36,"pë(kë)"
"tir",0,36,"pë(kë)"
"tir",0,36,"pë(kë)"
"tir",0,36,"pë(kë)"
"tir",0,36,"tae"
"tir",0,36,"tae"
"tir",0,36,"tae"
"tir",0,36,"tae"
"tir",0,36,"tae"
"tir",0,36,"tae"
"tir",0,36,"tae"
"tir",0,36,"tae"
"tir",0,36,"awëe"
"tir",0,36,"awëe"
"tir",0,36,"awëe"
"tir",0,36,"awëe"
"tir",0,36,"awëe"
"tir",0,36,"awëe"
"tir",0,36,"awëe"
"tir",0,36,"awëe"
"tir",0,37,"po"
"tir",0,37,"po"
"tir",0,37,"po"
"tir",0,37,"ekunnë"
"tir",0,37,"ekunnë"
"tir",0,37,"ekunnë"
"tir",0,37,"ekunnë"
"tir",0,37,"ekunnë"
"tir",0,37,"ekunnë"
"tir",0,37,"ekatao"
"tir",0,37,"ekatao"
"tir",0,37,"ekatao"
"tir",0,37,"ekatao"
"tir",0,37,"ekatao"
"tir",0,37,"ekatao"
"tir",0,37,"ekatao"
"tir",0,37,"renao"
"tir",0,37,"renao"
"tir",0,37,"renao"
"tir",0,37,"renao"
"tir",0,37,"renao"
"tir",0,37,"renao"
"tir",0,37,"renao"
"tir",0,37,"renao"
"tir",0,37,"renao"
"tir",0,37,"renao"
"tir",0,37,"ranme"
"tir",0,37,"ranme"
"tir",0,37,"ranme"
"tir",0,37,"ranme"
"tir",0,37,"wenje"
"tir",0,38,"tao"
"tir",0,38,"tao"
"tir",0,38,"tao"
"tir",0,38,"tao"
"tir",0,38,"tao"
"tir",0,38,"tao"
"tir",0,38,"tao"
"tir",0,38,"tao"
"tir",0,38,"tao"
"tir",0,38,"tao"
"tir",0,38,"awë"
"tir",0,38,"tae"
"tir",0,38,"tae"
"tir",0,38,"tae"
"tir",0,39,"tao"
"tir",0,39,"awë"
"tir",0,39,"po"
"tir",0,39,"po"
"tir",0,39,"po"
"tir",0,39,"po"
"tir",0,39,"po"
"tir",0,39,"po"
"tir",0,39,"po"
"tir",0,39,"po"
"tir",0,39,"juuwë"
"tir",0,39,"juuwë"
"tir",0,39,"juuwë"
"tir",0,39,"juuwë"
"tir",0,39,"juuwë"
"tir",0,39,"juuwë"
"tir",0,39,"juuwë"
"tir",0,39,"juuwë"
"tir",0,39,"juuwë"
"tir",0,39,"juuwë"
"tir",0,40,"tao"
"tir",0,40,"po"
"tir",0,40,"po"
"tir",0,40,"po"
"tir",0,40,"po"
"tir",0,40,"po"
"tir",0,40,"pë(kë)"
"tir",0,40,"pë(kë)"
"tir",0,40,"pë(kë)"
"tir",0,40,"pë(kë)"
"tir",0,40,"pë(kë)"
"tir",0,40,"pë(kë)"
"tir",0,40,"pë(kë)"
"tir",0,40,"pë(kë)"
"tir",0,40,"pë(kë)"
"tir",0,40,"pë(kë)"
"tir",0,40,"rehtë"
"tir",0,41,"po"
"tir",0,41,"pë(kë)"
"tir",0,41,"pë(kë)"
"tir",0,41,"pë(kë)"
"tir",0,41,"pë(kë)"
"tir",0,41,"pë(kë)"
"tir",0,41,"pë(kë)"
"tir",0,41,"pë(kë)"
"tir",0,41,"pë(kë)"
"tir",0,41,"pë(kë)"
"tir",0,41,"tae"
"tir",0,41,"tae"
"tir",0,42,"po"
"tir",0,42,"po"
"tir",0,42,"po"
"tir",0,42,"po"
"tir",0,42,"tae"
"tir",0,42,"tae"
"tir",0,42,"tae"
"tir",0,42,"tae"
"tir",0,42,"juuwë"
"tir",0,42,"juuwë"
"tir",0,42,"juuwë"
"tir",0,42,"juuwë"
"tir",0,42,"juuwë"
"tir",0,42,"rehtë"
"tir",0,42,"rehtë"
"tir",0,42,"rehtë"
"tir",0,42,"rehtë"
"tir",0,42,"awëe"
"tir",0,42,"awëe"
"tir",0,42,"awëe"
"tir",0,42,"awëe"
"tir",0,42,"awëe"
"tir",0,42,"awëe"
"tir",0,42,"awëe"
"tir",0,42,"ekunnë"
"tir",0,42,"ekatao"
"tir",0,42,"ranme"
"tir",0,43,"po"
"tir",0,43,"po"
"tir",0,43,"po"
"tir",0,43,"pë(kë)"
"tir",0,43,"pë(kë)"
"tir",0,43,"pë(kë)"
"tir",0,43,"pë(kë)"
"tir",0,43,"pë(kë)"
"tir",0,43,"pë(kë)"
"tir",0,43,"pë(kë)"
"tir",0,43,"pë(kë)"
"tir",0,43,"pë(kë)"
"tir",0,43,"pë(kë)"
"tir",0,43,"tae"
"tir",0,43,"tae"
"tir",0,43,"tae"
"tir",0,43,"awëe"
"tir",0,43,"awëe"
"tir",0,43,"awëe"
"tir",0,43,"awëe"
"tir",0,43,"awëe"
"tir",0,44,"tao"
"tir",0,44,"tao"
"tir",0,44,"tao"
"tir",0,44,"tao"
"tir",0,44,"po"
"tir",0,44,"po"
"tir",0,44,"po"
"tir",0,44,"po"
"tir",0,44,"pë(kë)"
"tir",0,44,"pë(kë)"
"tir",0,44,"pë(kë)"
"tir",0,44,"pë(kë)"
"tir",0,44,"pë(kë)"
"tir",0,44,"pë(kë)"
"tir",0,44,"pë(kë)"
"tir",0,44,"pë(kë)"
"tir",0,44,"pë(kë)"
"tir",0,45,"tao"
"tir",0,45,"tao"
"tir",0,45,"awë"
"tir",0,45,"awë"
"tir",0,45,"po"
"tir",0,45,"po"
"tir",0,45,"po"
"tir",0,45,"po"
"tir",0,45,"pë(kë)"
"tir",0,45,"pë(kë)"
"tir",0,45,"pë(kë)"
"tir",0,45,"pë(kë)"
"tir",0,45,"pë(kë)"
"tir",0,45,"tae"
"tir",0,45,"tae"
"tir",0,45,"tae"
"tir",0,45,"tae"
"tir",0,45,"tae"
"tir",0,45,"tae"
"tir",0,45,"tae"
"tir",0,45,"tae"
"tir",0,45,"tae"
"tir",0,46,"tao"
"tir",0,46,"tao"
"tir",0,46,"tao"
"tir",0,46,"tao"
"tir",0,46,"tao"
"tir",0,46,"tao"
"tir",0,46,"tao"
"tir",0,46,"tao"
"tir",0,46,"tao"
"tir",0,46,"awë"
"tir",0,46,"awë"
"tir",0,46,"awë"
"tir",0,46,"awë"
"tir",0,46,"po"
"tir",0,46,"po"
"tir",0,46,"po"
"tir",0,46,"po"
"tir",0,46,"po"
"tir",0,46,"po"
"tir",0,46,"po"
"tir",0,46,"juuwë"
"tir",0,46,"juuwë"
"tir",0,46,"juuwë"
"tir",0,46,"juuwë"
"tir",0,46,"juuwë"
"tir",0,46,"juuwë"
"tir",0,47,"tao"
"tir",0,47,"po"
"tir",0,47,"po"
"tir",0,47,"po"
"tir",0,47,"pë(kë)"
"tir",0,47,"pë(kë)"
"tir",0,47,"pë(kë)"
"tir",0,47,"pë(kë)"
"tir",0,47,"pë(kë)"
"tir",0,47,"pë(kë)"
"tir",0,47,"pë(kë)"
"tir",0,47,"pë(kë)"
"tir",0,47,"pë(kë)"
"tir",0,47,"pë(kë)"
"tir",0,47,"juuwë"
"tir",0,48,"po"
"tir",0,48,"po"
"tir",0,48,"po"
"tir",0,48,"nkae"
"tir",0,48,"nkae"
"tir",0,48,"nkae"
"tir",0,48,"ekunnë"
"tir",0,48,"ekunnë"
"tir",0,48,"ekunnë"
"tir",0,48,"ekunnë"
"tir",0,48,"ekunnë"
"tir",0,48,"ekunnë"
"tir",0,48,"ekunnë"
"tir",0,48,"ekunnë"
"tir",0,48,"ekatao"
"tir",0,48,"ekatao"
"tir",0,48,"ekatao"
"tir",0,48,"ekatao"
"tir",0,48,"ekatao"
"tir",0,48,"ekatao"
"tir",0,48,"ekatao"
"tir",0,48,"ekatao"
"tir",0,48,"ekatao"
"tir",0,48,"ekatao"
"tir",0,48,"renao"
"tir",0,48,"renao"
"tir",0,48,"renao"
"tir",0,48,"renao"
"tir",0,48,"renao"
"tir",0,48,"renao"
"tir",0,48,"ranme"
"tir",0,48,"ranme"
"tir",0,48,"ranme"
"tir",0,48,"ranme"
"tir",0,48,"ranme"
"tir",0,48,"ranme"
"tir",0,48,"ranme"
"tir",0,48,"ranme"
"tir",0,48,"wenje"
"tir",0,49,"po"
"tir",0,49,"pë(kë)"
"tir",0,49,"pë(kë)"
"tir",0,49,"pë(kë)"
"tir",0,49,"pë(kë)"
"tir",0,49,"pë(kë)"
"tir",0,49,"pë(kë)"
"tir",0,49,"pë(kë)"
"tir",0,49,"pë(kë)"
"tir",0,49,"pë(kë)"
"tir",0,49,"pë(kë)"
"tir",0,49,"tae"
"tir",0,49,"tae"
"tir",0,49,"awëe"
"tir",0,49,"awëe"
"tir",0,50,"tao"
"tir",0,50,"awë"
"tir",0,50,"po"
"tir",0,50,"pë(kë)"
"tir",0,50,"pë(kë)"
"tir",0,50,"pë(kë)"
"tir",0,50,"pë(kë)"
"tir",0,50,"pë(kë)"
"tir",0,50,"pë(kë)"
"tir",0,50,"tae"
"tir",0,50,"tae"
"tir",0,50,"tae"
"tir",0,50,"tae"
"tir",0,50,"tae"
"tir",0,50,"awëe"
"tir",0,50,"awëe"
"tir",0,50,"awëe"
"tir",0,50,"awëe"
"tir",0,50,"awëe"
"tir",0,50,"awëe"
"tir",0,50,"awëe"
"tir",0,50,"awëe"
"tir",0,50,"awëe"
"tir",0,51,"po"
"tir",0,51,"pë(kë)"
"tir",0,51,"pë(kë)"
"tir",0,51,"pë(kë)"
"tir",0,51,"pë(kë)"
"tir",0,51,"pë(kë)"
"tir",0,51,"pë(kë)"
"tir",0,51,"pë(kë)"
"tir",0,51,"pë(kë)"
"tir",0,51,"pë(kë)"
"tir",0,51,"pë(kë)"
"tir",0,51,"tae"
"tir",0,52,"po"
"tir",0,52,"po"
"tir",0,52,"pë(kë)"
"tir",0,52,"pë(kë)"
"tir",0,52,"pë(kë)"
"tir",0,52,"pë(kë)"
"tir",0,52,"pë(kë)"
"tir",0,52,"pë(kë)"
"tir",0,52,"epinë"
"tir",0,52,"epinë"
"tir",0,52,"epinë"
"tir",0,52,"epinë"
"tir",0,52,"epinë"
"tir",0,52,"epinë"
"tir",0,52,"epinë"
"tir",0,52,"epinë"
"tir",0,52,"epinë"
"tir",0,52,"anmao"
"tir",0,53,"tao"
"tir",0,53,"tao"
"tir",0,53,"tao"
"tir",0,53,"tao"
"tir",0,53,"tao"
"tir",0,53,"tao"
"tir",0,53,"tao"
"tir",0,53,"tao"
"tir",0,53,"tao"
"tir",0,53,"tao"
"tir",0,53,"awë"
"tir",0,53,"awë"
"tir",0,53,"awë"
"tir",0,53,"awë"
"tir",0,53,"awë"
"tir",0,53,"awë"
"tir",0,53,"awë"
"tir",0,53,"awë"
"tir",0,53,"awë"
"tir",0,53,"awë"
"tir",0,53,"po"
"tir",0,54,"tao"
"tir",0,54,"awë"
"tir",0,54,"po"
"tir",0,54,"pë(kë)"
"tir",0,54,"pë(kë)"
"tir",0,54,"pë(kë)"
"tir",0,54,"pë(kë)"
"tir",0,54,"pë(kë)"
"tir",0,54,"pë(kë)"
"tir",0,54,"pë(kë)"
"tir",0,54,"pë(kë)"
"tir",0,54,"pë(kë)"
"tir",0,54,"tae"
"tir",0,54,"tae"
"tir",0,54,"tae"
"tir",0,54,"tae"
"tir",0,54,"tae"
"tir",0,54,"tae"
"tir",0,54,"tae"
"tir",0,54,"awëe"
"tir",0,54,"awëe"
"tir",0,54,"awëe"
"tir",0,54,"awëe"
"tir",0,54,"awëe"
"tir",0,55,"po"
"tir",0,55,"po"
"tir",0,55,"pë(kë)"
"tir",0,55,"pë(kë)"
"tir",0,55,"pë(kë)"
"tir",0,55,"pë(kë)"
"tir",0,55,"pë(kë)"
"tir",0,55,"pë(kë)"
"tir",0,55,"pë(kë)"
"tir",0,55,"pë(kë)"
"tir",0,55,"pë(kë)"
"tir",0,55,"pë(kë)"
"tir",0,55,"tae"
"tir",0,55,"tae"
"tir",0,55,"tae"
"tir",0,55,"juuwë"
"tir",0,55,"rehtë"
"tir",0,55,"awëe"
"tir",0,56,"tao"
"tir",0,56,"tao"
"tir",0,56,"tao"
"tir",0,56,"tao"
"tir",0,56,"tao"
"tir",0,56,"awë"
"tir",0,56,"awë"
"tir",0,56,"pë(kë)"
"tir",0,56,"pë(kë)"
"tir",0,56,"pë(kë)"
"tir",0,56,"pë(kë)"
"tir",0,56,"pë(kë)"
"tir",0,56,"pë(kë)"
"tir",0,56,"pë(kë)"
"tir",0,56,"pë(kë)"
"tir",0,56,"pë(kë)"
"tir",0,56,"tae"
"tir",0,56,"tae"
"tir",0,56,"tae"
"tir",0,56,"tae"
"tir",0,56,"tae"
"tir",0,56,"tae"
"tir",0,56,"tae"
"tir",0,56,"tae"
"tir",0,56,"tae"
"tir",0,56,"awëe"
"tir",0,56,"awëe"
"tir",0,56,"awëe"
"tir",0,56,"awëe"
"tir",0,56,"awëe"
"tir",0,57,"po"
"tir",0,57,"po"
"tir",0,57,"po"
"tir",0,57,"po"
"tir",0,57,"pë(kë)"
"tir",0,57,"nkae"
"tir",0,57,"ekunnë"
"tir",0,57,"ekunnë"
"tir",0,58,"po"
"tir",0,58,"po"
"tir",0,58,"po"
"tir",0,58,"po"
"tir",0,58,"po"
"tir",0,58,"po"
"tir",0,58,"po"
"tir",0,58,"po"
"tir",0,58,"po"
"tir",0,58,"juuwë"
"tir",0,58,"juuwë"
"tir",0,58,"juuwë"
"tir",0,58,"juuwë"
"tir",0,58,"juuwë"
"tir",0,58,"juuwë"
"tir",0,58,"juuwë"
"tir",0,58,"juuwë"
"tir",0,58,"juuwë"
"tir",0,58,"juuwë"
"tir",0,58,"rehtë"
"tir",0,58,"rehtë"
"tir",0,58,"rehtë"
"tir",0,59,"tao"
"tir",0,59,"tao"
"tir",0,59,"tao"
"tir",0,59,"tao"
"tir",0,59,"tao"
"tir",0,59,"tao"
"tir",0,59,"tao"
"tir",0,59,"tao"
"tir",0,59,"tao"
"tir",0,59,"tao"
"tir",0,59,"awë"
"tir",0,59,"awë"
"tir",0,59,"awë"
"tir",0,59,"awë"
"tir",0,59,"awë"
"tir",0,59,"awë"
"tir",0,59,"awë"
"tir",0,59,"po"
"tir",0,59,":roowë"
"tir",0,59,":roowë"
"tir",0,59,":roowë"
"tir",0,59,"nkae"
"tir",0,60,"tao"
"tir",0,60,"awë"
"tir",0,60,"po"
"tir",0,60,"pë(kë)"
"tir",0,60,"pë(kë)"
"tir",0,60,"pë(kë)"
"tir",0,60,"pë(kë)"
"tir",0,60,"pë(kë)"
"tir",0,60,"pë(kë)"
"tir",0,60,"pë(kë)"
"tir",0,60,"pë(kë)"
"tir",0,60,"pë(kë)"
"tir",0,60,"pë(kë)"
"tir",0,60,":roowë"
"tir",0,61,"tao"
"tir",0,61,"tao"
"tir",0,61,"tao"
"tir",0,61,"tao"
"tir",0,61,"tao"
"tir",0,61,"tao"
"tir",0,61,"tao"
"tir",0,61,"awë"
"tir",0,61,"awë"
"tir",0,61,"awë"
"tir",0,61,"awë"
"tir",0,61,"awë"
"tir",0,61,"po"
"tir",0,61,"po"
"tir",0,61,"pë(kë)"
"tir",0,61,"tae"
"tir",0,61,"tae"
"tir",0,61,"tae"
"tir",0,61,"tae"
"tir",0,61,"juuwë"
"tir",0,61,"rehtë"
"tir",0,61,"rehtë"
"tir",0,61,"rehtë"
"tir",0,61,"rehtë"
"tir",0,62,"tao"
"tir",0,62,"awë"
"tir",0,62,"po"
"tir",0,62,"po"
"tir",0,62,"pë(kë)"
"tir",0,62,"pë(kë)"
"tir",0,62,"pë(kë)"
"tir",0,62,"pë(kë)"
"tir",0,62,"pë(kë)"
"tir",0,62,"pë(kë)"
"tir",0,62,"pë(kë)"
"tir",0,62,"pë(kë)"
"tir",0,62,"pë(kë)"
"tir",0,62,"pë(kë)"
"tir",0,63,"nkae"
"tir",0,63,"nkae"
"tir",0,63,"nkae"
"tir",0,63,"nkae"
"tir",0,63,"nkae"
"tir",0,63,"nkae"
"tir",0,63,"nkae"
"tir",0,63,"nkae"
"tir",0,63,"nkae"
"tir",0,63,"nkae"
"tir",0,63,"n’nao"
"tir",0,63,"n’nao"
"tir",0,63,"n’nao"
"tir",0,63,"n’nao"
"tir",0,63,"n’nao"
"tir",0,63,"n’nao"
"tir",0,63,"n’nao"
"tir",0,63,"n’nao"
"tir",0,63,"n’nao"
"tir",0,63,"ekunnë"
"tir",0,63,"ekunnë"
"tir",0,63,"ekunnë"
"tir",0,63,"ekunnë"
"tir",0,63,"ekunnë"
"tir",0,63,"ekunnë"
"tir",0,63,"ekatao"
"tir",0,63,"ekatao"
"tir",0,63,"ekatao"
"tir",0,63,"ekatao"
"tir",0,63,"ekatao"
"tir",0,63,"ekatao"
"tir",0,63,"ekatao"
"tir",0,63,"ekatao"
"tir",0,63,"renao"
"tir",0,63,"ranme"
"tir",0,63,"ranme"
"tir",0,63,"ranme"
"tir",0,64,"po"
"tir",0,64,"po"
"tir",0,64,"po"
"tir",0,64,"po"
"tir",0,64,"po"
"tir",0,64,"po"
"tir",0,64,"po"
"tir",0,64,"juuwë"
"tir",0,64,"juuwë"
"tir",0,64,"juuwë"
"tir",0,64,"juuwë"
"tir",0,64,"juuwë"
"tir",0,64,"juuwë"
"tir",0,64,"juuwë"
"tir",0,64,"juuwë"
"tir",0,64,"juuwë"
"tir",0,64,"juuwë"
"tir",0,64,"rehtë"
"tir",0,64,"rehtë"
"tir",0,64,"rehtë"
"tir",0,64,"rehtë"
"tir",0,64,"rehtë"
"tir",0,64,"rehtë"
"tir",0,64,"rehtë"
"tir",0,64,"rehtë"
"tir",0,64,"rehtë"
"tir",0,64,"rehtë"
"tir",0,65,"tao"
"tir",0,65,"awë"
"tir",0,65,"po"
"tir",0,65,"pë(kë)"
"tir",0,65,"pë(kë)"
"tir",0,65,"pë(kë)"
"tir",0,65,"pë(kë)"
"tir",0,65,"pë(kë)"
"tir",0,65,"pë(kë)"
"tir",0,65,"pë(kë)"
"tir",0,65,"pë(kë)"
"tir",0,65,"pë(kë)"
"tir",0,65,"pë(kë)"
"tir",0,65,"tae"
"tir",0,65,"tae"
"tir",0,65,"tae"
"tir",0,65,"awëe"
"tir",0,66,"tao"
"tir",0,66,"tao"
"tir",0,66,"tao"
"tir",0,66,"tao"
"tir",0,66,"tao"
"tir",0,66,"tao"
"tir",0,66,"tao"
"tir",0,66,"tao"
"tir",0,66,"tao"
"tir",0,66,"tao"
"tir",0,66,"awë"
"tir",0,66,"awë"
"tir",0,66,"awë"
"tir",0,66,"awë"
"tir",0,66,"awë"
"tir",0,66,"awë"
"tir",0,66,"awë"
"tir",0,66,"awë"
"tir",0,66,"awë"
"tir",0,66,"po"
"tir",0,66,"po"
"tir",0,66,"tae"
"tir",0,66,"tae"
"tir",0,67,"po"
"tir",0,67,"po"
"tir",0,67,"pë(kë)"
"tir",0,67,"pë(kë)"
"tir",0,67,"pë(kë)"
"tir",0,67,"pë(kë)"
"tir",0,67,"pë(kë)"
"tir",0,67,"pë(kë)"
"tir",0,67,"pë(kë)"
"tir",0,67,"pë(kë)"
"tir",0,67,"pë(kë)"
"tir",0,67,"pë(kë)"
"tir",0,67,"juuwë"
"tir",0,67,"juuwë"
"tir",0,68,"tao"
"tir",0,68,"tao"
"tir",0,68,"tao"
"tir",0,68,"tao"
"tir",0,68,"awë"
"tir",0,68,"po"
"tir",0,68,"pë(kë)"
"tir",0,68,"pë(kë)"
"tir",0,68,"pë(kë)"
"tir",0,68,"tae"
"tir",0,68,"tae"
"tir",0,68,"tae"
"tir",0,68,"tae"
"tir",0,68,"tae"
"tir",0,68,"tae"
"tir",0,68,"tae"
"tir",0,68,"tae"
"tir",0,68,"tae"
"tir",0,68,"tae"
"tir",0,68,"awëe"
"tir",0,68,"awëe"
"tir",0,68,"awëe"
"tir",0,68,"awëe"
"tir",0,68,"awëe"
"tir",0,68,"awëe"
"tir",0,69,"tao"
"tir",0,69,"tao"
"tir",0,69,"tao"
"tir",0,69,"tao"
"tir",0,69,"tao"
"tir",0,69,"tao"
"tir",0,69,"tao"
"tir",0,69,"tao"
"tir",0,69,"tao"
"tir",0,69,"awë"
"tir",0,69,"awë"
"tir",0,69,"awë"
"tir",0,69,"awë"
"tir",0,69,"awë"
"tir",0,69,"awë"
"tir",0,69,"pë(kë)"
"tir",0,69,"pë(kë)"
"tir",0,69,"pë(kë)"
"tir",0,69,"tae"
"tir",0,69,"tae"
"tir",0,69,"tae"
"tir",0,69,"tae"
"tir",0,69,"tae"
"tir",0,69,"tae"
"tir",0,69,"tae"
"tir",0,69,"tae"
"tir",0,69,"tae"
"tir",0,69,"tae"
"tir",0,70,"tao"
"tir",0,70,"tao"
"tir",0,70,"tao"
"tir",0,70,"tao"
"tir",0,70,"awë"
"tir",0,70,"awë"
"tir",0,70,"po"
"tir",0,70,"po"
"tir",0,70,"po"
"tir",0,70,"tae"
"tir",0,70,"tae"
"tir",0,70,"pohtë"
"tir",0,70,"pohtë"
"tir",0,70,"pohtë"
"tir",0,70,"pohtë"
"tir",0,70,"pohtë"
"tir",0,70,"pohtë"
"tir",0,70,"pohtë"
"tir",0,70,"pohtë"
"tir",0,70,"pohtë"
"tir",0,70,"pohtë"
"tru",0,0,"natu-n"
"tru",0,0,"natu-n"
"tru",0,0,"natu-n"
"tru",0,1,"fax-on"
"tru",0,1,"fax-on"
"tru",0,2,"natu-n"
"tru",0,2,"natu-n"
"tru",0,3,"natu-n"
"tru",0,5,"dacha-n"
"tru",0,5,"dacha-n"
"tru",0,5,"heni-n"
"tru",0,6,"heni-n"
"tru",0,7,"natu-n"
"tru",0,7,"natu-n"
"tru",0,10,"fax-on"
"tru",0,10,"fax-on"
"tru",0,11,"mala-s"
"tru",0,11,"natu-n"
"tru",0,12,"ţ'ahmu-n"
"tru",0,12,"ţ'ahmu-n"
"tru",0,12,"ţ'ahmu-n"
"tru",0,15,"apuda-n"
"tru",0,15,"apuda-n"
"tru",0,15,"apuda-n"
"tru",0,16,"wela-n"
"tru",0,16,"wela-n"
"tru",0,17,"wela-n"
"tru",0,18,"fax-on"
"tru",0,18,"fax-on"
"tru",0,18,"natu-n"
"tru",0,22,"natu-n"
"tru",0,22,"natu-n"
"tru",0,22,"natu-n"
"tru",0,23,"apuda-n"
"tru",0,27,"natu-n"
"tru",0,27,"natu-n"
"tru",0,27,"wela-n"
"tru",0,28,"natu-n"
"tru",0,30,"apuda-n"
"tru",0,30,"apuda-n"
"tru",0,30,"apuda-n"
"tru",0,31,"fax-on"
"tru",0,31,"fax-on"
"tru",0,31,"fax-on"
"tru",0,32,"wela-n"
"tru",0,33,"natu-n"
"tru",0,33,"natu-n"
"tru",0,34,"natu-n"
"tru",0,35,"heni-n"
"tru",0,35,"ţ'ahmu-n"
"tru",0,35,"ţ'ahmu-n"
"tru",0,36,"natu-n"
"tru",0,37,"heni-n"
"tru",0,37,"mala-n"
"tru",0,37,"mala-n"
"tru",0,39,"natu-n"
"tru",0,39,"natu-n"
"tru",0,39,"natu-n"
"tru",0,42,"natu-n"
"tru",0,42,"natu-n"
"tru",0,44,"natu-n"
"tru",0,46,"fax-on"
"tru",0,46,"fax-on"
"tru",0,46,"natu-n"
"tru",0,48,"dacha-n"
"tru",0,48,"dacha-n"
"tru",0,48,"huka-n"
"tru",0,51,"natu-n"
"tru",0,52,"apuda-n"
"tru",0,52,"apuda-n"
"tru",0,53,"fax-on"
"tru",0,56,"wela-n"
"tru",0,58,"natu-n"
"tru",0,58,"natu-n"
"tru",0,58,"natu-n"
"tru",0,63,"dacha-n"
"tru",0,63,"dacha-n"
"tru",0,63,"dacha-n"
"tru",0,64,"natu-n"
"tru",0,64,"wela-n"
"tru",0,67,"natu-n"
"tru",0,67,"natu-n"
"tru",0,70,"fax-on"
"tru",0,70,"fax-on"
"yel",0,0,"mbêmê"
"yel",0,0,"mbêmê"
"yel",0,0,"mbêmê"
"yel",0,0,"mbêmê"
"yel",0,1,"k:oo"
"yel",0,1,"k:oo"
"yel",0,1,"k:oo"
"yel",0,1,"k:oo"
"yel",0,2,"p:uu"
"yel",0,2,"p:uu"
"yel",0,2,"p:uu"
"yel",0,2,"p:uu"
"yel",0,3,"p:uu"
"yel",0,3,"p:uu"
"yel",0,3,"p:uu"
"yel",0,3,"p:uu"
"yel",0,4,"mbêmê"
"yel",0,4,"mbêmê"
"yel",0,4,"mbêmê"
"yel",0,4,"mbêdê-ma"
"yel",0,6,"k:oo"
"yel",0,6,"k:oo"
"yel",0,6,"p:uu"
"yel",0,6,"p:uu"
"yel",0,7,"mbêmê"
"yel",0,7,"mbêmê"
"yel",0,7,"nkwodo"
"yel",0,7,"nkwodo"
"yel",0,8,"p:uu"
"yel",0,8,"’nedê"
"yel",0,8,"’nedê"
"yel",0,8,"’nedê"
"yel",0,9,"p:uu"
"yel",0,9,"p:uu"
"yel",0,9,"p:uu"
"yel",0,11,"p:uu"
"yel",0,11,"p:uu"
"yel",0,11,"p:uu"
"yel",0,11,"p:uu"
"yel",0,12,"pwo"
"yel",0,12,"pwo"
"yel",0,13,"k:oo"
"yel",0,13,"k:oo"
"yel",0,13,"k:oo"
"yel",0,13,"k:oo"
"yel",0,15,"mêknapwo"
"yel",0,15,"mêknapwo"
"yel",0,15,"mêknapwo"
"yel",0,15,"mêknapwo"
"yel",0,16,"paa"
"yel",0,16,"paa"
"yel",0,16,"paa"
"yel",0,16,"mbêmê"
"yel",0,17,"u mênê"
"yel",0,17,"p:uu"
"yel",0,18,"k:oo"
"yel",0,18,"k:oo"
"yel",0,18,"k:oo"
"yel",0,18,"k:oo"
"yel",0,18,"yedê"
"yel",0,18,"yedê"
"yel",0,19,"p:uu"
"yel",0,19,"p:uu"
"yel",0,19,"’nedê"
"yel",0,19,"’nedê"
"yel",0,20,"p:uu"
"yel",0,20,"p:uu"
"yel",0,20,"p:uu"
"yel",0,21,"’nedê"
"yel",0,21,"’nedê"
"yel",0,21,"’nedê"
"yel",0,21,"’nedê"
"yel",0,22,"mbêmê"
"yel",0,22,"mbêmê"
"yel",0,22,"mbêmê"
"yel",0,22,"mbêmê"
"yel",0,23,"mêknapwo"
"yel",0,23,"mêknapwo"
"yel",0,23,"mêknapwo"
"yel",0,23,"mêknapwo"
"yel",0,24,"p:uu"
"yel",0,24,"p:uu"
"yel",0,24,"paa"
"yel",0,25,"paa"
"yel",0,26,"p:uu"
"yel",0,26,"p:uu"
"yel",0,26,"nkwodo"
"yel",0,27,"p:uu"
"yel",0,27,"p:uu"
"yel",0,27,"p:uu"
"yel",0,27,"p:uu"
"yel",0,28,"mbêmê"
"yel",0,28,"nkwodo"
"yel",0,28,"nkwodo"
"yel",0,28,"nkwodo"
"yel",0,29,"u mênê"
"yel",0,29,"u mênê"
"yel",0,29,"p:uu"
"yel",0,29,"’nedê"
"yel",0,29,"’nedê"
"yel",0,30,"mêknapwo"
"yel",0,30,"mêknapwo"
"yel",0,30,"mêknapwo"
"yel",0,30,"mêknapwo"
"yel",0,31,"k:oo"
"yel",0,31,"k:oo"
"yel",0,31,"k:oo"
"yel",0,31,"u mênê"
"yel",0,32,"p:uu"
"yel",0,32,"p:uu"
"yel",0,32,"p:uu"
"yel",0,32,"’nedê"
"yel",0,33,"pwono"
"yel",0,33,"pwono"
"yel",0,33,"pwono"
"yel",0,33,"pwono"
"yel",0,34,"p:uu"
"yel",0,34,"p:uu"
"yel",0,34,"p:uu"
"yel",0,34,"p:uu"
"yel",0,35,"mbêmê"
"yel",0,35,"mbêmê"
"yel",0,35,"pwono"
"yel",0,35,"mbêdê-ma"
"yel",0,35,"pwo"
"yel",0,35,"pwo"
"yel",0,36,"p:uu"
"yel",0,36,"p:uu"
"yel",0,36,"’nedê"
"yel",0,36,"’nedê"
"yel",0,39,"mbêmê"
"yel",0,39,"mbêmê"
"yel",0,39,"mbêmê"
"yel",0,39,"mbêmê"
"yel",0,39,"yedê"
"yel",0,39,"pwono"
"yel",0,40,"p:uu"
"yel",0,40,"p:uu"
"yel",0,40,"nkwodo"
"yel",0,40,"nkwodo"
"yel",0,41,"paa"
"yel",0,41,"paa"
"yel",0,41,"paa"
"yel",0,41,"paa"
"yel",0,42,"mbêmê"
"yel",0,42,"mbêmê"
"yel",0,42,"mbêmê"
"yel",0,42,"mbêmê"
"yel",0,43,"p:uu"
"yel",0,43,"p:uu"
"yel",0,43,"paa"
"yel",0,43,"paa"
"yel",0,43,"paa"
"yel",0,44,"nkwodo"
"yel",0,44,"nkwodo"
"yel",0,44,"nkwodo"
"yel",0,44,"nkwodo"
"yel",0,45,"mbêmê"
"yel",0,46,"k:oo"
"yel",0,46,"k:oo"
"yel",0,46,"k:oo"
"yel",0,46,"yedê"
"yel",0,47,"p:uu"
"yel",0,47,"p:uu"
"yel",0,47,"p:uu"
"yel",0,49,"k:oo"
"yel",0,49,"p:uu"
"yel",0,49,"paa"
"yel",0,49,"paa"
"yel",0,51,"p:uu"
"yel",0,51,"p:uu"
"yel",0,51,"p:uu"
"yel",0,51,"paa"
"yel",0,51,"paa"
"yel",0,51,"paa"
"yel",0,52,"mêknapwo"
"yel",0,52,"mêknapwo"
"yel",0,52,"mêknapwo"
"yel",0,52,"mêknapwo"
"yel",0,53,"k:oo"
"yel",0,53,"k:oo"
"yel",0,53,"k:oo"
"yel",0,53,"k:oo"
"yel",0,53,"u mênê"
"yel",0,53,"u mênê"
"yel",0,53,"u mênê"
"yel",0,54,"p:uu"
"yel",0,54,"p:uu"
"yel",0,54,"paa"
"yel",0,55,"p:uu"
"yel",0,55,"p:uu"
"yel",0,55,"’nedê"
"yel",0,55,"’nedê"
"yel",0,56,"p:uu"
"yel",0,56,"p:uu"
"yel",0,56,"p:uu"
"yel",0,56,"p:uu"
"yel",0,56,"’nedê"
"yel",0,57,"p:uu"
"yel",0,57,"p:uu"
"yel",0,57,"p:uu"
"yel",0,57,"p:uu"
"yel",0,58,"mbêmê"
"yel",0,58,"mbêmê"
"yel",0,58,"mbêmê"
"yel",0,58,"mbêmê"
"yel",0,58,"nkwodo"
"yel",0,58,"nkwodo"
"yel",0,59,"k:oo"
"yel",0,59,"k:oo"
"yel",0,59,"k:oo"
"yel",0,59,"k:oo"
"yel",0,60,"p:uu"
"yel",0,60,"p:uu"
"yel",0,61,"p:uu"
"yel",0,61,"mbêmê"
"yel",0,61,"mbêmê"
"yel",0,61,"mbêmê"
"yel",0,62,"’nedê"
"yel",0,64,"mbêmê"
"yel",0,64,"mbêmê"
"yel",0,64,"mbêmê"
"yel",0,64,"mbêmê"
"yel",0,65,"p:uu"
"yel",0,65,"p:uu"
"yel",0,65,"p:uu"
"yel",0,65,"p:uu"
"yel",0,66,"k:oo"
"yel",0,66,"u mênê"
"yel",0,66,"u mênê"
"yel",0,66,"u mênê"
"yel",0,67,"p:uu"
"yel",0,67,"p:uu"
"yel",0,67,"p:uu"
"yel",0,67,"p:uu"
"yel",0,67,"yedê"
"yel",0,68,"p:uu"
"yel",0,68,"p:uu"
"yel",0,68,"p:uu"
"yel",0,68,"p:uu"
"yel",0,69,"’nedê"
"yel",0,69,"’nedê"
"yel",0,69,"’nedê"
"yel",0,70,"k:oo"
"yel",0,70,"k:oo"
"yel",0,70,"k:oo"
"yuk",0,0,"y=ook’ol"
"yuk",0,1,"ich"
"yuk",0,5,"paach-il ti’"
"yuk",0,12,"y=ook’ol"
"yuk",0,13,"ich"
"yuk",0,15,"y=aanal"
"yuk",0,16,"y=ook’ol"
"yuk",0,18,"ich"
"yuk",0,22,"y=ook’ol"
"yuk",0,23,"y=aanal"
"yuk",0,24,"haal"
"yuk",0,28,"y=ook’ol"
"yuk",0,30,"y=aanal"
"yuk",0,31,"ich"
"yuk",0,33,"y=ook’ol"
"yuk",0,39,"y=ook’ol"
"yuk",0,42,"y=ook’ol"
"yuk",0,43,"paach-il ti’"
"yuk",0,48,"ak taan ti’"
"yuk",0,57,"paach-il ti’"
"yuk",0,58,"y=ook’ol"
"yuk",0,59,"ba’ paach"
"yuk",0,63,"paach-il ti’"
"yuk",0,64,"y=ook’ol"
"yuk",0,67,"taan-il ti’"
"yuk",0,69,"chuumuk ti’"
"ara",0,1,"ela"
"ara",0,1,"ela"
"ara",0,1,"ela"
"ara",0,1,"ela"
"ara",0,1,"ela"
"ara",0,1,"ela"
"ara",0,1,"ela"
"ara",0,1,"ela"
"ara",0,1,"ela"
"ara",0,1,"fwq"
"ara",0,1,"fwq"
"ara",0,1,"fwq"
"ara",0,1,"fy"
"ara",0,2,"dakhl"
"ara",0,2,"dakhl"
"ara",0,2,"dakhl"
"ara",0,2,"dakhl"
"ara",0,2,"dakhl"
"ara",0,2,"dakhl"
"ara",0,2,"fy"
"ara",0,2,"fydakhl"
"ara",0,3,"ela"
"ara",0,3,"ela"
"ara",0,3,"ela"
"ara",0,3,"ela"
"ara",0,3,"ela"
"ara",0,3,"ela"
"ara",0,3,"ela"
"ara",0,3,"ela"
"ara",0,3,"ela"
"ara",0,3,"ela"
"ara",0,3,"ela"
"ara",0,3,"ela"
"ara",0,4,"ela"
"ara",0,4,"ela"
"ara",0,4,"ela"
"ara",0,4,"hwl"
"ara",0,4,"hwl"
"ara",0,4,"hwl"
"ara",0,5,"ela"
"ara",0,5,"ela"
"ara",0,5,"ela"
"ara",0,5,"fwq"
"ara",0,6,"alkharj"
"ara",0,6,"bjanb"
"ara",0,6,"bjanb"
"ara",0,6,"bjanb"
"ara",0,6,"bjanb"
"ara",0,6,"bjanb"
"ara",0,6,"bjwar"
"ara",0,6,"bjwar"
"ara",0,6,"bjwar"
"ara",0,6,"bjwar"
"ara",0,6,"bjwar"
"ara",0,6,"bjwar"
"ara",0,6,"bjwar"
"ara",0,7,"ela"
"ara",0,7,"ela"
"ara",0,7,"ela"
"ara",0,7,"ela"
"ara",0,7,"ela"
"ara",0,7,"ela"
"ara",0,7,"ela"
"ara",0,7,"ela"
"ara",0,7,"ela"
"ara",0,7,"ela"
"ara",0,7,"fy"
"ara",0,8,"ela"
"ara",0,8,"ela"
"ara",0,8,"ela"
"ara",0,8,"ela"
"ara",0,8,"ela"
"ara",0,8,"ela"
"ara",0,8,"ela"
"ara",0,8,"ela"
"ara",0,8,"fwq"
"ara",0,8,"fwq"
"ara",0,8,"fwq"
"ara",0,8,"fwq"
"ara",0,9,"ela"
"ara",0,9,"ela"
"ara",0,9,"ela"
"ara",0,9,"ela"
"ara",0,9,"ela"
"ara",0,9,"ela"
"ara",0,9,"ela"
"ara",0,9,"ela"
"ara",0,9,"fy"
"ara",0,10,"fy"
"ara",0,10,"fy"
"ara",0,10,"fy"
"ara",0,10,"fy"
"ara",0,10,"fy"
"ara",0,10,"fy"
"ara",0,10,"fy"
"ara",0,10,"hwl"
"ara",0,10,"hwl"
"ara",0,10,"hwl"
"ara",0,11,"ela"
"ara",0,11,"fwq"
"ara",0,11,"fy"
"ara",0,11,"fy"
"ara",0,11,"fy"
"ara",0,11,"fy"
"ara",0,11,"fy"
"ara",0,11,"fy"
"ara",0,11,"fy"
"ara",0,11,"fy"
"ara",0,11,"wst"
"ara",0,11,"wst"
"ara",0,12,"ela"
"ara",0,12,"ela"
"ara",0,12,"ela"
"ara",0,12,"ela"
"ara",0,12,"ela"
"ara",0,12,"ela"
"ara",0,12,"fwq"
"ara",0,12,"fy"
"ara",0,13,"ela"
"ara",0,13,"ela"
"ara",0,13,"fwq"
"ara",0,13,"fwq"
"ara",0,13,"fwq"
"ara",0,13,"fwq"
"ara",0,13,"fwq"
"ara",0,13,"fwq"
"ara",0,13,"fwq"
"ara",0,13,"fwq"
"ara",0,13,"fwq"
"ara",0,13,"fwq"
"ara",0,13,"fwq"
"ara",0,14,"dakhl"
"ara",0,14,"dakhl"
"ara",0,14,"dakhl"
"ara",0,14,"dakhl"
"ara",0,14,"dakhl"
"ara",0,14,"dakhl"
"ara",0,14,"dakhl"
"ara",0,14,"dakhl"
"ara",0,14,"dakhl"
"ara",0,14,"dakhl"
"ara",0,14,"dakhl"
"ara",0,15,"hwl"
"ara",0,15,"hwl"
"ara",0,15,"hwl"
"ara",0,15,"hwl"
"ara",0,15,"hwl"
"ara",0,15,"hwl"
"ara",0,16,"asfl"
"ara",0,16,"asfl"
"ara",0,16,"asfl"
"ara",0,16,"asfl"
"ara",0,16,"asfl"
"ara",0,16,"asfl"
"ara",0,16,"tht"
"ara",0,16,"tht"
"ara",0,16,"tht"
"ara",0,16,"tht"
"ara",0,16,"tht"
"ara",0,16,"tht"
"ara",0,16,"tht"
"ara",0,16,"tht"
"ara",0,17,"ela"
"ara",0,17,"ela"
"ara",0,17,"ela"
"ara",0,17,"ela"
"ara",0,17,"ela"
"ara",0,17,"ela"
"ara",0,17,"ela"
"ara",0,17,"ela"
"ara",0,17,"ela"
"ara",0,17,"fymnstf"
"ara",0,17,"fywst"
"ara",0,18,"ela"
"ara",0,18,"ela"
"ara",0,18,"ela"
"ara",0,18,"fy"
"ara",0,18,"khlal"
"ara",0,19,"dakhl"
"ara",0,19,"dakhl"
"ara",0,19,"fy"
"ara",0,19,"fymnstf"
"ara",0,19,"fywst"
"ara",0,20,"ela"
"ara",0,20,"ela"
"ara",0,20,"ela"
"ara",0,20,"ela"
"ara",0,20,"fy"
"ara",0,20,"fy"
"ara",0,20,"fy"
"ara",0,20,"fy"
"ara",0,20,"fy"
"ara",0,21,"fy"
"ara",0,21,"fy"
"ara",0,21,"fy"
"ara",0,22,"ela"
"ara",0,22,"ela"
"ara",0,22,"wst"
"ara",0,23,"ela"
"ara",0,23,"ela"
"ara",0,23,"ela"
"ara",0,23,"ela"
"ara",0,23,"ela"
"ara",0,23,"ela"
"ara",0,23,"ela"
"ara",0,23,"fwq"
"ara",0,23,"fwq"
"ara",0,23,"fwq"
"ara",0,23,"fwq"
"ara",0,23,"hwl"
"ara",0,24,"isfl"
"ara",0,24,"isfl"
"ara",0,24,"isfl"
"ara",0,24,"isfl"
"ara",0,24,"tht"
"ara",0,24,"tht"
"ara",0,24,"tht"
"ara",0,24,"tht"
"ara",0,25,"bjanb"
"ara",0,25,"ela"
"ara",0,25,"ela"
"ara",0,25,"ela"
"ara",0,25,"ela"
"ara",0,25,"ela"
"ara",0,25,"ela"
"ara",0,25,"ela"
"ara",0,25,"ela"
"ara",0,25,"ela"
"ara",0,25,"ela"
"ara",0,25,"ela"
"ara",0,25,"ela"
"ara",0,26,"bjanb"
"ara",0,26,"dakhl"
"ara",0,26,"ela"
"ara",0,26,"fy"
"ara",0,26,"fy"
"ara",0,26,"fy"
"ara",0,27,"asfl"
"ara",0,27,"asfl"
"ara",0,27,"ela"
"ara",0,27,"ela"
"ara",0,27,"ela"
"ara",0,27,"fy"
"ara",0,27,"fy"
"ara",0,27,"mn"
"ara",0,27,"mn"
"ara",0,28,"ela"
"ara",0,28,"ela"
"ara",0,28,"ela"
"ara",0,28,"ela"
"ara",0,28,"ela"
"ara",0,28,"ela"
"ara",0,28,"fy"
"ara",0,28,"fy"
"ara",0,28,"fy"
"ara",0,29,"ela"
"ara",0,29,"ela"
"ara",0,29,"ela"
"ara",0,29,"ela"
"ara",0,29,"ela"
"ara",0,29,"ela"
"ara",0,29,"ela"
"ara",0,29,"fwq"
"ara",0,29,"fwq"
"ara",0,29,"fwq"
"ara",0,30,"ebr"
"ara",0,31,"asfl"
"ara",0,31,"asfl"
"ara",0,31,"asfl"
"ara",0,31,"isfl"
"ara",0,31,"isfl"
"ara",0,31,"tht"
"ara",0,31,"tht"
"ara",0,31,"tht"
"ara",0,31,"tht"
"ara",0,31,"tht"
"ara",0,31,"tht"
"ara",0,31,"tht"
"ara",0,31,"tht"
"ara",0,32,"dakhl"
"ara",0,32,"dakhl"
"ara",0,32,"dakhl"
"ara",0,32,"dakhl"
"ara",0,32,"dakhl"
"ara",0,32,"fy"
"ara",0,32,"fy"
"ara",0,32,"fy"
"ara",0,32,"fy"
"ara",0,32,"fy"
"ara",0,32,"fy"
"ara",0,32,"fy"
"ara",0,33,"ela"
"ara",0,33,"ela"
"ara",0,33,"ela"
"ara",0,33,"ela"
"ara",0,33,"ela"
"ara",0,33,"ela"
"ara",0,33,"ela"
"ara",0,34,"ela"
"ara",0,34,"ela"
"ara",0,34,"ela"
"ara",0,34,"ela"
"ara",0,34,"ela"
"ara",0,34,"ela"
"ara",0,34,"ela"
"ara",0,34,"fwq"
"ara",0,34,"fwq"
"ara",0,34,"fwq"
"ara",0,34,"fwq"
"ara",0,34,"fwq"
"ara",0,34,"fwq"
"ara",0,35,"ela"
"ara",0,35,"ela"
"ara",0,35,"ela"
"ara",0,35,"ela"
"ara",0,35,"ela"
"ara",0,35,"ela"
"ara",0,35,"ela"
"ara",0,35,"fwq"
"ara",0,35,"fy"
"ara",0,35,"hwl"
"ara",0,36,"ela"
"ara",0,36,"ela"
"ara",0,36,"fwq"
"ara",0,36,"fwq"
"ara",0,36,"fwq"
"ara",0,36,"fwq"
"ara",0,36,"fwq"
"ara",0,36,"fwq"
"ara",0,36,"fwq"
"ara",0,36,"t'lw"
"ara",0,37,"ela"
"ara",0,37,"ela"
"ara",0,37,"ela"
"ara",0,37,"ela"
"ara",0,37,"ela"
"ara",0,37,"ela"
"ara",0,37,"ela"
"ara",0,37,"ela"
"ara",0,37,"ela"
"ara",0,37,"ela"
"ara",0,37,"ela"
"ara",0,38,"alaysar"
"ara",0,38,"bjanb"
"ara",0,38,"bjanb"
"ara",0,38,"bjanb"
"ara",0,38,"bjanb"
"ara",0,38,"bjanb"
"ara",0,38,"bjwar"
"ara",0,38,"bjwar"
"ara",0,38,"bjwar"
"ara",0,38,"bjwar"
"ara",0,38,"bjwar"
"ara",0,38,"imam"
"ara",0,38,"imam"
"ara",0,38,"imam"
"ara",0,39,"fy"
"ara",0,39,"fy"
"ara",0,39,"mn"
"ara",0,40,"ela"
"ara",0,40,"ela"
"ara",0,40,"ela"
"ara",0,40,"ela"
"ara",0,40,"ela"
"ara",0,40,"ela"
"ara",0,40,"ela"
"ara",0,40,"ela"
"ara",0,40,"ela"
"ara",0,40,"fwq"
"ara",0,40,"fwq"
"ara",0,40,"fwq"
"ara",0,40,"fwq"
"ara",0,41,"ela"
"ara",0,41,"ela"
"ara",0,41,"ela"
"ara",0,41,"fy"
"ara",0,41,"fy"
"ara",0,41,"fy"
"ara",0,41,"fy"
"ara",0,41,"fy"
"ara",0,42,"ela"
"ara",0,42,"ela"
"ara",0,42,"fwq"
"ara",0,42,"hwl"
"ara",0,42,"hwl"
"ara",0,42,"hwl"
"ara",0,42,"hwl"
"ara",0,42,"hwl"
"ara",0,43,"ela"
"ara",0,43,"ela"
"ara",0,43,"ela"
"ara",0,43,"ela"
"ara",0,43,"ela"
"ara",0,43,"fwq"
"ara",0,43,"fwq"
"ara",0,43,"fwq"
"ara",0,43,"fwq"
"ara",0,43,"fwq"
"ara",0,44,"ela"
"ara",0,44,"ela"
"ara",0,44,"ela"
"ara",0,44,"ela"
"ara",0,44,"ela"
"ara",0,44,"ela"
"ara",0,44,"ela"
"ara",0,44,"ela"
"ara",0,44,"ela"
"ara",0,44,"ela"
"ara",0,44,"ela"
"ara",0,44,"ela"
"ara",0,44,"ela"
"ara",0,45,"ela"
"ara",0,45,"ela"
"ara",0,45,"ela"
"ara",0,45,"mn"
"ara",0,45,"mn"
"ara",0,46,"ela"
"ara",0,46,"ela"
"ara",0,46,"ela"
"ara",0,46,"ela"
"ara",0,46,"fy"
"ara",0,46,"hwl"
"ara",0,46,"hwl"
"ara",0,46,"hwl"
"ara",0,46,"hwl"
"ara",0,47,"dakhl"
"ara",0,47,"dakhl"
"ara",0,47,"ela"
"ara",0,47,"fwq"
"ara",0,47,"fwq"
"ara",0,47,"fy"
"ara",0,47,"fy"
"ara",0,47,"fy"
"ara",0,47,"fy"
"ara",0,47,"fy"
"ara",0,48,"ela"
"ara",0,48,"ela"
"ara",0,48,"fy"
"ara",0,48,"fy"
"ara",0,48,"khlf"
"ara",0,49,"bjanb"
"ara",0,49,"bjanb"
"ara",0,49,"imam"
"ara",0,49,"imam"
"ara",0,49,"imam"
"ara",0,49,"imam"
"ara",0,49,"imam"
"ara",0,49,"imam"
"ara",0,49,"imam"
"ara",0,49,"imam"
"ara",0,49,"imam"
"ara",0,49,"imam"
"ara",0,50,"ela"
"ara",0,50,"ela"
"ara",0,50,"ela"
"ara",0,50,"ela"
"ara",0,50,"ela"
"ara",0,50,"ela"
"ara",0,50,"ela"
"ara",0,50,"fy"
"ara",0,50,"fy"
"ara",0,50,"fy"
"ara",0,50,"fy"
"ara",0,51,"fy"
"ara",0,51,"hwl"
"ara",0,51,"hwl"
"ara",0,51,"hwl"
"ara",0,51,"hwl"
"ara",0,51,"hwl"
"ara",0,51,"hwl"
"ara",0,52,"ela"
"ara",0,52,"ela"
"ara",0,52,"ela"
"ara",0,52,"ela"
"ara",0,52,"ela"
"ara",0,52,"ela"
"ara",0,52,"ela"
"ara",0,52,"ela"
"ara",0,52,"ela"
"ara",0,53,"asfl"
"ara",0,53,"asfl"
"ara",0,53,"ela"
"ara",0,53,"khlf"
"ara",0,53,"mn"
"ara",0,54,"dakhl"
"ara",0,54,"dakhl"
"ara",0,54,"dakhl"
"ara",0,54,"dakhl"
"ara",0,54,"dakhl"
"ara",0,54,"dakhl"
"ara",0,54,"dakhl"
"ara",0,54,"dakhl"
"ara",0,54,"dakhl"
"ara",0,54,"fy"
"ara",0,54,"fy"
"ara",0,54,"fy"
"ara",0,54,"fy"
"ara",0,55,"ela"
"ara",0,55,"ela"
"ara",0,55,"ela"
"ara",0,55,"hwl"
"ara",0,55,"hwl"
"ara",0,55,"hwl"
"ara",0,55,"hwl"
"ara",0,55,"hwl"
"ara",0,55,"hwl"
"ara",0,55,"hwl"
"ara",0,55,"hwl"
"ara",0,55,"hwl"
"ara",0,55,"hwl"
"ara",0,56,"ela"
"ara",0,56,"ela"
"ara",0,56,"ela"
"ara",0,56,"ela"
"ara",0,56,"ela"
"ara",0,56,"ela"
"ara",0,56,"fy"
"ara",0,57,"fy"
"ara",0,57,"fy"
"ara",0,57,"fy"
"ara",0,57,"fy"
"ara",0,57,"mn"
"ara",0,57,"mn"
"ara",0,58,"ela"
"ara",0,58,"ela"
"ara",0,58,"ela"
"ara",0,58,"ela"
"ara",0,58,"ela"
"ara",0,58,"ela"
"ara",0,58,"ela"
"ara",0,58,"ela"
"ara",0,58,"ela"
"ara",0,58,"ela"
"ara",0,58,"ela"
"ara",0,59,"ela"
"ara",0,59,"ela"
"ara",0,59,"ela"
"ara",0,59,"ela"
"ara",0,59,"ela"
"ara",0,59,"ela"
"ara",0,59,"ela"
"ara",0,59,"ela"
"ara",0,59,"ela"
"ara",0,59,"ela"
"ara",0,59,"fwq"
"ara",0,59,"fwq"
"ara",0,59,"fwq"
"ara",0,59,"fwq"
"ara",0,60,"fy"
"ara",0,60,"fy"
"ara",0,60,"wst"
"ara",0,61,"ela"
"ara",0,61,"fy"
"ara",0,62,"ela"
"ara",0,62,"ela"
"ara",0,62,"ela"
"ara",0,62,"ela"
"ara",0,63,"fy"
"ara",0,63,"fy"
"ara",0,63,"fy"
"ara",0,63,"fy"
"ara",0,63,"fy"
"ara",0,63,"mn"
"ara",0,63,"mn"
"ara",0,63,"mn"
"ara",0,63,"mn"
"ara",0,63,"mn"
"ara",0,64,"khlf"
"ara",0,64,"khlf"
"ara",0,64,"khlf"
"ara",0,64,"khlf"
"ara",0,64,"khlf"
"ara",0,64,"khlf"
"ara",0,64,"khlf"
"ara",0,64,"khlf"
"ara",0,64,"khlf"
"ara",0,64,"khlf"
"ara",0,64,"khlf"
"ara",0,64,"wraha"
"ara",0,65,"a'la"
"ara",0,65,"ela"
"ara",0,65,"ela"
"ara",0,65,"ela"
"ara",0,65,"ela"
"ara",0,65,"ela"
"ara",0,65,"ela"
"ara",0,65,"ela"
"ara",0,65,"ela"
"ara",0,65,"ela"
"ara",0,65,"ela"
"ara",0,65,"fwq"
"ara",0,65,"fwq"
"ara",0,66,"mn"
"ara",0,67,"dakhl"
"ara",0,67,"dakhl"
"ara",0,67,"dakhl"
"ara",0,67,"dakhl"
"ara",0,67,"dakhl"
"ara",0,67,"dakhl"
"ara",0,67,"fy"
"ara",0,67,"fy"
"ara",0,67,"fy"
"ara",0,67,"fy"
"ara",0,67,"fy"
"ara",0,68,"ela"
"ara",0,68,"ela"
"ara",0,68,"ela"
"ara",0,68,"ela"
"ara",0,68,"ela"
"ara",0,68,"ela"
"ara",0,68,"ela"
"ara",0,68,"ela"
"ara",0,68,"ela"
"ara",0,69,"fy"
"ara",0,69,"fy"
"ara",0,69,"fy"
"ara",0,69,"fy"
"ara",0,69,"fy"
"ara",0,69,"fy"
"ara",0,69,"fy"
"ara",0,69,"mn"
"ara",0,69,"mn"
"ara",0,70,"hwl"
"ara",0,71,"dakhl"
"ara",0,71,"dakhl"
"ara",0,71,"dakhl"
"ara",0,71,"dakhl"
"ara",0,71,"dakhl"
"ara",0,71,"dakhl"
"ara",0,71,"fy"
"ara",0,71,"fy"
"ara",0,71,"fy"
"ara",0,71,"fy"
"ara",0,71,"fy"
"ara",0,71,"fy"
"ara",0,71,"fy"
"ind",0,1,"di atas"
"ind",0,1,"di atas"
"ind",0,1,"di atas"
"ind",0,1,"di atas"
"ind",0,1,"di atas"
"ind",0,1,"di atas"
"ind",0,1,"di atas"
"ind",0,1,"di atas"
"ind",0,1,"di atas"
"ind",0,1,"di atas"
"ind",0,1,"di atas"
"ind",0,1,"di atas"
"ind",0,1,"di atas"
"ind",0,2,"dalam"
"ind",0,2,"di dalam"
"ind",0,2,"di dalam"
"ind",0,2,"di dalam"
"ind",0,2,"di dalam"
"ind",0,2,"di dalam"
"ind",0,2,"di dalam"
"ind",0,2,"di dalam"
"ind",0,2,"di dalam"
"ind",0,2,"di dalam"
"ind",0,2,"di dalam"
"ind",0,2,"di dasar"
"ind",0,3,"di"
"ind",0,3,"di"
"ind",0,3,"di"
"ind",0,3,"di"
"ind",0,3,"di"
"ind",0,3,"di"
"ind",0,3,"di atas"
"ind",0,3,"di atas"
"ind",0,3,"pada"
"ind",0,3,"pada"
"ind",0,4,"di"
"ind",0,4,"di"
"ind",0,4,"di"
"ind",0,4,"di"
"ind",0,4,"di"
"ind",0,4,"pada"
"ind",0,5,"di"
"ind",0,5,"di"
"ind",0,5,"di atas"
"ind",0,5,"di atas"
"ind",0,5,"di atas"
"ind",0,6,"di depan"
"ind",0,6,"di luar"
"ind",0,6,"di luar"
"ind",0,6,"di luar"
"ind",0,6,"di samping"
"ind",0,6,"di samping"
"ind",0,6,"di samping"
"ind",0,6,"di samping"
"ind",0,6,"di samping"
"ind",0,6,"di samping"
"ind",0,6,"di sebelah"
"ind",0,6,"di sebelah"
"ind",0,6,"di sisi"
"ind",0,7,"di"
"ind",0,7,"di"
"ind",0,7,"di"
"ind",0,7,"di"
"ind",0,7,"di"
"ind",0,7,"di"
"ind",0,7,"di"
"ind",0,7,"di"
"ind",0,7,"di"
"ind",0,7,"di"
"ind",0,7,"di"
"ind",0,7,"di"
"ind",0,7,"di dalam"
"ind",0,7,"di dalam"
"ind",0,8,"di"
"ind",0,8,"di"
"ind",0,8,"di"
"ind",0,8,"di"
"ind",0,8,"di"
"ind",0,8,"di"
"ind",0,8,"di atas"
"ind",0,8,"di atas"
"ind",0,8,"di atas"
"ind",0,8,"di atas"
"ind",0,8,"di atas"
"ind",0,8,"di atas"
"ind",0,8,"di atas"
"ind",0,9,"di"
"ind",0,9,"di"
"ind",0,9,"di"
"ind",0,9,"di"
"ind",0,9,"di"
"ind",0,9,"di"
"ind",0,9,"pada"
"ind",0,10,"di"
"ind",0,10,"di"
"ind",0,10,"di"
"ind",0,10,"di"
"ind",0,10,"di"
"ind",0,10,"di"
"ind",0,10,"di"
"ind",0,10,"di"
"ind",0,10,"di"
"ind",0,10,"di"
"ind",0,10,"di"
"ind",0,11,"di"
"ind",0,11,"di"
"ind",0,11,"di"
"ind",0,11,"di"
"ind",0,11,"di"
"ind",0,11,"di atas"
"ind",0,11,"di atas"
"ind",0,11,"di atas"
"ind",0,11,"di atas"
"ind",0,11,"di tengah"
"ind",0,11,"di tengah"
"ind",0,12,"di"
"ind",0,12,"di"
"ind",0,12,"di"
"ind",0,12,"di atas"
"ind",0,12,"di atas"
"ind",0,12,"di tengah"
"ind",0,12,"pada"
"ind",0,13,"di atas"
"ind",0,13,"di atas"
"ind",0,13,"di atas"
"ind",0,13,"di atas"
"ind",0,13,"di atas"
"ind",0,13,"di atas"
"ind",0,13,"di atas"
"ind",0,13,"di atas"
"ind",0,13,"di atas"
"ind",0,13,"di atas"
"ind",0,14,"dalam"
"ind",0,14,"dalam"
"ind",0,14,"di"
"ind",0,14,"di"
"ind",0,14,"di dalam"
"ind",0,14,"di dalam"
"ind",0,14,"di dalam"
"ind",0,14,"di dalam"
"ind",0,14,"di dalam"
"ind",0,14,"di dalam"
"ind",0,15,"di sekeliling"
"ind",0,16,"di bawah"
"ind",0,16,"di bawah"
"ind",0,16,"di bawah"
"ind",0,16,"di bawah"
"ind",0,16,"di bawah"
"ind",0,16,"di bawah"
"ind",0,16,"di bawah"
"ind",0,16,"di bawah"
"ind",0,16,"di bawah"
"ind",0,16,"di bawah"
"ind",0,16,"di bawah"
"ind",0,16,"di bawah"
"ind",0,16,"di bawah"
"ind",0,16,"di kolong"
"ind",0,17,"di"
"ind",0,17,"di"
"ind",0,17,"di atas"
"ind",0,17,"di atas"
"ind",0,17,"di lereng"
"ind",0,17,"di lereng"
"ind",0,17,"di lereng"
"ind",0,17,"di lereng"
"ind",0,17,"di lereng"
"ind",0,17,"di lereng"
"ind",0,17,"di lereng"
"ind",0,17,"di pinggir"
"ind",0,17,"di sisi"
"ind",0,17,"di tengah"
"ind",0,18,"dari"
"ind",0,18,"di"
"ind",0,18,"di"
"ind",0,18,"di"
"ind",0,18,"di"
"ind",0,18,"pada"
"ind",0,19,"di"
"ind",0,19,"di atas"
"ind",0,19,"di atas"
"ind",0,19,"di atas"
"ind",0,19,"di atas"
"ind",0,19,"di atas"
"ind",0,19,"di atas"
"ind",0,19,"di atas"
"ind",0,19,"di dalam"
"ind",0,19,"di dalam"
"ind",0,19,"di tengah"
"ind",0,19,"di tengah"
"ind",0,20,"di"
"ind",0,20,"di"
"ind",0,20,"di"
"ind",0,20,"di"
"ind",0,20,"di"
"ind",0,20,"di"
"ind",0,20,"di"
"ind",0,20,"di"
"ind",0,20,"ke"
"ind",0,20,"pada"
"ind",0,20,"pada"
"ind",0,20,"pada"
"ind",0,20,"pada"
"ind",0,21,"di"
"ind",0,21,"di"
"ind",0,22,"di"
"ind",0,22,"di"
"ind",0,22,"di"
"ind",0,22,"di"
"ind",0,23,"di"
"ind",0,23,"di atas"
"ind",0,23,"di atas"
"ind",0,23,"di atas"
"ind",0,23,"di atas"
"ind",0,23,"di atas"
"ind",0,23,"di atas"
"ind",0,23,"di atas"
"ind",0,23,"di atas"
"ind",0,23,"di atas"
"ind",0,23,"di atas"
"ind",0,23,"di atas"
"ind",0,24,"di bawah"
"ind",0,24,"di bawah"
"ind",0,24,"di bawah"
"ind",0,24,"di bawah"
"ind",0,24,"di bawah"
"ind",0,25,"di"
"ind",0,25,"di"
"ind",0,25,"di"
"ind",0,25,"di"
"ind",0,25,"di"
"ind",0,25,"di"
"ind",0,25,"di"
"ind",0,25,"di"
"ind",0,25,"di"
"ind",0,25,"di"
"ind",0,25,"pada"
"ind",0,26,"di"
"ind",0,26,"di"
"ind",0,26,"di"
"ind",0,26,"di dalam"
"ind",0,26,"di sisi"
"ind",0,27,"di"
"ind",0,27,"di"
"ind",0,27,"di"
"ind",0,27,"di"
"ind",0,27,"di"
"ind",0,27,"di"
"ind",0,27,"di"
"ind",0,27,"di"
"ind",0,27,"di"
"ind",0,27,"di"
"ind",0,27,"di"
"ind",0,27,"di"
"ind",0,27,"di"
"ind",0,28,"di"
"ind",0,28,"di"
"ind",0,28,"di"
"ind",0,28,"di"
"ind",0,28,"di"
"ind",0,28,"di atas"
"ind",0,28,"di atas"
"ind",0,28,"di dalam"
"ind",0,28,"pada"
"ind",0,29,"di atas"
"ind",0,29,"di atas"
"ind",0,29,"di atas"
"ind",0,30,"di"
"ind",0,31,"di bawah"
"ind",0,31,"di bawah"
"ind",0,31,"di bawah"
"ind",0,31,"di bawah"
"ind",0,31,"di bawah"
"ind",0,31,"di bawah"
"ind",0,31,"di bawah"
"ind",0,31,"di bawah"
"ind",0,31,"di bawah"
"ind",0,31,"di bawah"
"ind",0,31,"di bawah"
"ind",0,31,"di bawah"
"ind",0,31,"di bawah"
"ind",0,31,"di bawah"
"ind",0,32,"dalam"
"ind",0,32,"dalam"
"ind",0,32,"di"
"ind",0,32,"di dalam"
"ind",0,32,"di dalam"
"ind",0,32,"di dalam"
"ind",0,32,"di dalam"
"ind",0,32,"di dalam"
"ind",0,32,"di dalam"
"ind",0,32,"di dalam"
"ind",0,32,"di dalam"
"ind",0,32,"di dalam"
"ind",0,32,"di dalam"
"ind",0,33,"di"
"ind",0,33,"di"
"ind",0,33,"di"
"ind",0,34,"di"
"ind",0,34,"di"
"ind",0,34,"di"
"ind",0,34,"di"
"ind",0,34,"di"
"ind",0,34,"di"
"ind",0,34,"di"
"ind",0,34,"di atas"
"ind",0,34,"di atas"
"ind",0,34,"di atas"
"ind",0,34,"di atas"
"ind",0,34,"di atas"
"ind",0,34,"di atas"
"ind",0,34,"di atas"
"ind",0,34,"ke"
"ind",0,35,"di"
"ind",0,35,"di"
"ind",0,35,"di"
"ind",0,35,"di"
"ind",0,35,"di"
"ind",0,35,"di"
"ind",0,35,"di"
"ind",0,35,"di"
"ind",0,35,"di"
"ind",0,35,"di"
"ind",0,35,"di"
"ind",0,35,"di"
"ind",0,35,"di"
"ind",0,35,"di atas"
"ind",0,36,"di"
"ind",0,36,"di atas"
"ind",0,36,"di atas"
"ind",0,36,"di atas"
"ind",0,36,"di atas"
"ind",0,36,"di atas"
"ind",0,36,"di atas"
"ind",0,36,"di atas"
"ind",0,36,"di atas"
"ind",0,36,"di atas"
"ind",0,36,"di atas"
"ind",0,36,"di atas"
"ind",0,36,"di atas"
"ind",0,36,"di atas"
"ind",0,37,"di"
"ind",0,37,"di"
"ind",0,37,"di"
"ind",0,37,"di"
"ind",0,37,"pada"
"ind",0,38,"dekat"
"ind",0,38,"di"
"ind",0,38,"di dekat"
"ind",0,38,"di dekat"
"ind",0,38,"di samping"
"ind",0,38,"di samping"
"ind",0,38,"di sebelah"
"ind",0,38,"di sebelah"
"ind",0,38,"di sebelah"
"ind",0,38,"di sebelah"
"ind",0,39,"di"
"ind",0,39,"di"
"ind",0,39,"di"
"ind",0,39,"di"
"ind",0,40,"di atas"
"ind",0,40,"di atas"
"ind",0,40,"di atas"
"ind",0,40,"di atas"
"ind",0,40,"di atas"
"ind",0,40,"di atas"
"ind",0,40,"di atas"
"ind",0,40,"di atas"
"ind",0,40,"di atas"
"ind",0,40,"di atas"
"ind",0,40,"di atas"
"ind",0,40,"di atas"
"ind",0,40,"di atas"
"ind",0,40,"di atas"
"ind",0,41,"dari"
"ind",0,41,"di"
"ind",0,41,"di"
"ind",0,41,"di"
"ind",0,41,"di"
"ind",0,41,"di"
"ind",0,41,"di"
"ind",0,41,"di"
"ind",0,41,"di"
"ind",0,41,"di"
"ind",0,42,"di"
"ind",0,42,"di luar"
"ind",0,43,"di"
"ind",0,43,"di atas"
"ind",0,43,"di atas"
"ind",0,43,"di atas"
"ind",0,43,"di atas"
"ind",0,43,"di atas"
"ind",0,43,"di atas"
"ind",0,43,"di samping"
"ind",0,43,"di sebelah"
"ind",0,44,"di"
"ind",0,44,"di"
"ind",0,44,"di"
"ind",0,44,"di"
"ind",0,44,"di"
"ind",0,44,"di"
"ind",0,44,"di"
"ind",0,44,"di"
"ind",0,44,"di"
"ind",0,44,"di"
"ind",0,44,"pada"
"ind",0,45,"di"
"ind",0,45,"di"
"ind",0,45,"di"
"ind",0,45,"di"
"ind",0,45,"di"
"ind",0,45,"di"
"ind",0,45,"di"
"ind",0,45,"di atas"
"ind",0,46,"di"
"ind",0,46,"di"
"ind",0,47,"di"
"ind",0,47,"di"
"ind",0,47,"di"
"ind",0,47,"di"
"ind",0,47,"di atas"
"ind",0,47,"di atas"
"ind",0,47,"di atas"
"ind",0,47,"di dalam"
"ind",0,47,"di dalam"
"ind",0,47,"di dalam"
"ind",0,47,"di dalam"
"ind",0,48,"dari"
"ind",0,48,"di"
"ind",0,48,"di"
"ind",0,48,"di"
"ind",0,48,"di"
"ind",0,48,"di"
"ind",0,48,"di luar"
"ind",0,48,"pada"
"ind",0,49,"di"
"ind",0,49,"di"
"ind",0,49,"di"
"ind",0,49,"di"
"ind",0,49,"di depan"
"ind",0,49,"di luar"
"ind",0,49,"di samping"
"ind",0,49,"di samping"
"ind",0,49,"di samping"
"ind",0,49,"di samping"
"ind",0,50,"di"
"ind",0,50,"di"
"ind",0,50,"di"
"ind",0,50,"di"
"ind",0,50,"di"
"ind",0,50,"di"
"ind",0,50,"di"
"ind",0,50,"di"
"ind",0,50,"di"
"ind",0,50,"di dalam"
"ind",0,51,"di"
"ind",0,51,"di"
"ind",0,51,"di"
"ind",0,51,"di"
"ind",0,51,"di"
"ind",0,51,"di"
"ind",0,51,"di"
"ind",0,51,"di"
"ind",0,51,"di"
"ind",0,51,"di"
"ind",0,52,"di"
"ind",0,52,"di"
"ind",0,52,"di"
"ind",0,52,"di"
"ind",0,52,"di"
"ind",0,52,"di"
"ind",0,52,"di"
"ind",0,52,"di"
"ind",0,52,"di"
"ind",0,52,"di"
"ind",0,53,"dari bawah"
"ind",0,53,"di"
"ind",0,53,"di bawah"
"ind",0,53,"di bawah"
"ind",0,53,"di bawah"
"ind",0,53,"di bawah"
"ind",0,53,"pada sisi bawah"
"ind",0,54,"dalam"
"ind",0,54,"dalam"
"ind",0,54,"dalam"
"ind",0,54,"di"
"ind",0,54,"di dalam"
"ind",0,54,"di dalam"
"ind",0,54,"di dalam"
"ind",0,54,"di dalam"
"ind",0,54,"di dalam"
"ind",0,54,"di dalam"
"ind",0,54,"di dalam"
"ind",0,54,"di dalam"
"ind",0,54,"di dalam"
"ind",0,55,"di"
"ind",0,55,"di"
"ind",0,55,"di"
"ind",0,55,"di"
"ind",0,55,"di"
"ind",0,55,"di"
"ind",0,55,"di"
"ind",0,55,"di"
"ind",0,56,"di"
"ind",0,56,"di"
"ind",0,56,"di"
"ind",0,56,"di"
"ind",0,56,"di"
"ind",0,56,"di atas"
"ind",0,56,"di atas"
"ind",0,56,"di depan"
"ind",0,56,"di depan"
"ind",0,57,"dari"
"ind",0,57,"di"
"ind",0,57,"di"
"ind",0,57,"di"
"ind",0,57,"di"
"ind",0,57,"di"
"ind",0,58,"di"
"ind",0,58,"di"
"ind",0,58,"di"
"ind",0,58,"di"
"ind",0,58,"di"
"ind",0,58,"di"
"ind",0,58,"di"
"ind",0,58,"di"
"ind",0,58,"di"
"ind",0,58,"ke"
"ind",0,58,"pada"
"ind",0,59,"di"
"ind",0,59,"di atas"
"ind",0,59,"di atas"
"ind",0,59,"di atas"
"ind",0,59,"di atas"
"ind",0,59,"di atas"
"ind",0,59,"di atas"
"ind",0,59,"di atas"
"ind",0,59,"di atas"
"ind",0,59,"di atas"
"ind",0,59,"di atas"
"ind",0,59,"di atas"
"ind",0,59,"di atas"
"ind",0,59,"di atas"
"ind",0,60,"di tengah"
"ind",0,61,"di"
"ind",0,61,"di"
"ind",0,61,"pada"
"ind",0,62,"pada"
"ind",0,63,"dari"
"ind",0,63,"di"
"ind",0,63,"di"
"ind",0,63,"di"
"ind",0,63,"di"
"ind",0,63,"di dalam"
"ind",0,63,"di dalam"
"ind",0,63,"di dalam"
"ind",0,64,"di"
"ind",0,64,"di"
"ind",0,64,"di balik"
"ind",0,64,"di balik"
"ind",0,64,"di balik"
"ind",0,64,"di balik"
"ind",0,64,"di balik"
"ind",0,64,"di belakang"
"ind",0,64,"di belakang"
"ind",0,65,"di"
"ind",0,65,"di"
"ind",0,65,"di"
"ind",0,65,"di"
"ind",0,65,"di"
"ind",0,65,"di"
"ind",0,65,"di"
"ind",0,65,"di atas"
"ind",0,65,"di atas"
"ind",0,65,"di atas"
"ind",0,65,"di atas"
"ind",0,65,"di atas"
"ind",0,65,"di atas"
"ind",0,66,"dari"
"ind",0,66,"di"
"ind",0,67,"dalam"
"ind",0,67,"dalam"
"ind",0,67,"dari dalam"
"ind",0,67,"di"
"ind",0,67,"di"
"ind",0,67,"di"
"ind",0,67,"di dalam"
"ind",0,67,"di dalam"
"ind",0,67,"di dalam"
"ind",0,67,"di dalam"
"ind",0,67,"di dalam"
"ind",0,67,"pada"
"ind",0,67,"pada"
"ind",0,68,"di"
"ind",0,69,"di"
"ind",0,69,"di"
"ind",0,69,"di"
"ind",0,69,"di"
"ind",0,69,"di"
"ind",0,69,"di"
"ind",0,69,"di"
"ind",0,69,"di"
"ind",0,69,"di"
"ind",0,69,"di"
"ind",0,69,"pada"
"ind",0,71,"dalam"
"ind",0,71,"di"
"ind",0,71,"di dalam"
"ind",0,71,"di dalam"
"ind",0,71,"di dalam"
"ind",0,71,"di dalam"
"ind",0,71,"di dalam"
"ind",0,71,"di dalam"
"ind",0,71,"di dalam"
"ind",0,71,"di dalam"
"ind",0,71,"di dalam"
"ind",0,71,"di dalam"
"ind",0,71,"di samping"
"nah",0,1,"ako pan"
"nah",0,1,"ikpak"
"nah",0,1,"iyepan"
"nah",0,1,"pan"
"nah",0,2,"ijtik"
"nah",0,2,"ijtik"
"nah",0,2,"tlajtek"
"nah",0,2,"tlajtek"
"nah",0,4,"nauak"
"nah",0,4,"nauak"
"nah",0,5,"pan"
"nah",0,6,"kiuak"
"nah",0,7,"ako pan"
"nah",0,8,"ako pan"
"nah",0,8,"pan"
"nah",0,9,"pan"
"nah",0,10,"nauak"
"nah",0,11,"ako pan"
"nah",0,11,"apanko"
"nah",0,11,"pan"
"nah",0,12,"ako"
"nah",0,13,"ako"
"nah",0,13,"ako"
"nah",0,13,"ako pan"
"nah",0,13,"pan"
"nah",0,14,"ko"
"nah",0,14,"tlajtek"
"nah",0,15,"kiuak"
"nah",0,15,"nauak"
"nah",0,16,"tlani"
"nah",0,16,"tlani"
"nah",0,16,"tlani"
"nah",0,16,"tlani pan"
"nah",0,16,"tlani pan"
"nah",0,17,"pan"
"nah",0,19,"ako"
"nah",0,19,"ijtik"
"nah",0,19,"ko"
"nah",0,23,"ako"
"nah",0,23,"ikpak"
"nah",0,23,"pan"
"nah",0,25,"ako pan"
"nah",0,25,"pan"
"nah",0,29,"iyepan"
"nah",0,29,"pan"
"nah",0,30,"ko"
"nah",0,31,"ikuitlapan"
"nah",0,31,"iyepan"
"nah",0,31,"tlani"
"nah",0,31,"tlani"
"nah",0,31,"tlani pan"
"nah",0,32,"ko"
"nah",0,32,"tlajtek"
"nah",0,34,"ako"
"nah",0,34,"ako"
"nah",0,34,"ako pan"
"nah",0,34,"pan"
"nah",0,36,"ako"
"nah",0,36,"ako pan"
"nah",0,36,"ako pan"
"nah",0,36,"iluikak"
"nah",0,36,"iyepan"
"nah",0,38,"alauakatl"
"nah",0,38,"chiko"
"nah",0,38,"itlak"
"nah",0,38,"itlak"
"nah",0,38,"itlak"
"nah",0,40,"ako"
"nah",0,40,"ako pan"
"nah",0,40,"ikpak"
"nah",0,40,"pan"
"nah",0,42,"nauak"
"nah",0,42,"nauak"
"nah",0,43,"ako"
"nah",0,43,"ako pan"
"nah",0,43,"ikpak"
"nah",0,43,"pan"
"nah",0,44,"ikpak"
"nah",0,46,"nauak"
"nah",0,46,"nauak"
"nah",0,47,"tlajtek"
"nah",0,49,"ako"
"nah",0,49,"imixpan"
"nah",0,49,"iyepan"
"nah",0,51,"nauak"
"nah",0,53,"ako pan"
"nah",0,53,"tlani pan"
"nah",0,54,"itech"
"nah",0,54,"tlajtek"
"nah",0,55,"iyepan"
"nah",0,55,"nauak"
"nah",0,56,"ikampa"
"nah",0,56,"ixpan"
"nah",0,58,"pan"
"nah",0,59,"ako"
"nah",0,59,"ako pan"
"nah",0,59,"pan"
"nah",0,60,"ko"
"nah",0,60,"ko"
"nah",0,60,"tlajtek"
"nah",0,62,"tlajtek"
"nah",0,64,"ikampa"
"nah",0,64,"ikampa"
"nah",0,64,"ikampa"
"nah",0,64,"ikampa"
"nah",0,64,"ikampa"
"nah",0,65,"ako"
"nah",0,65,"ako"
"nah",0,65,"ako pan"
"nah",0,65,"pan"
"nah",0,65,"pan"
"nah",0,66,"ko"
"nah",0,66,"tlajtek"
"nah",0,67,"itech"
"nah",0,67,"iyepan"
"nah",0,67,"ko"
"nah",0,67,"tlajtek"
"nah",0,68,"pan"
"nah",0,71,"itech"
"nah",0,71,"itech"
"nah",0,71,"itech"
"que",0,1,"-pi"
"que",0,1,"hawanpi"
"que",0,1,"hawanpi"
"que",0,1,"hawanpi"
"que",0,1,"hawanpi"
"que",0,2,"-pi"
"que",0,2,"-pi"
"que",0,3,"hawanpi"
"que",0,4,"chawpi"
"que",0,5,"-pi"
"que",0,5,"-pi"
"que",0,5,"-pi"
"que",0,6,"-pi"
"que",0,6,"waqtaman"
"que",0,6,"waqtaman"
"que",0,7,"-pi"
"que",0,7,"-pi"
"que",0,7,"-pi"
"que",0,7,"-pi"
"que",0,7,"-pi"
"que",0,8,"-pi"
"que",0,8,"hawanpi"
"que",0,10,"-pi"
"que",0,10,"-pi"
"que",0,10,"-pi"
"que",0,10,"-pi"
"que",0,11,"hawanpi"
"que",0,12,"hawanpi"
"que",0,13,"hawanpi"
"que",0,13,"hawanpi"
"que",0,13,"hawanpi"
"que",0,14,"-pi"
"que",0,14,"-pi"
"que",0,14,"ukhu"
"que",0,14,"ukhu"
"que",0,16,"ura"
"que",0,16,"uranninpi"
"que",0,16,"uranninpi"
"que",0,16,"urapi"
"que",0,16,"urapi"
"que",0,17,"-pi"
"que",0,17,"-pi"
"que",0,17,"-pi"
"que",0,17,"chawpi"
"que",0,17,"chawpi"
"que",0,17,"hawanpi"
"que",0,18,"-pi"
"que",0,18,"qhipa"
"que",0,19,"hawanpi"
"que",0,19,"hawanpi"
"que",0,23,"hawanpi"
"que",0,23,"hawanpi"
"que",0,23,"hawanpi"
"que",0,23,"hawanpi"
"que",0,23,"hawanpi"
"que",0,24,"ura"
"que",0,24,"ura"
"que",0,24,"uranninpi"
"que",0,25,"-pi"
"que",0,25,"-pi"
"que",0,25,"-pi"
"que",0,29,"-pi"
"que",0,29,"-pi"
"que",0,29,"hawanpi"
"que",0,29,"hawanpi"
"que",0,29,"hawanpi"
"que",0,31,"ulay"
"que",0,31,"ura"
"que",0,31,"uranninpi"
"que",0,31,"uranninpi"
"que",0,31,"uranninpi"
"que",0,31,"uranninpi"
"que",0,32,"-pi"
"que",0,32,"ukhu"
"que",0,32,"ukhu"
"que",0,33,"-pi"
"que",0,33,"-pi"
"que",0,34,"-pi"
"que",0,34,"-pi"
"que",0,34,"-pi"
"que",0,34,"-pi"
"que",0,34,"hawanpi"
"que",0,34,"hawanpi"
"que",0,34,"hawanpi"
"que",0,34,"hawanpi"
"que",0,35,"-pi"
"que",0,35,"-pi"
"que",0,36,"hawanpi"
"que",0,36,"hawanpi"
"que",0,36,"hawanpi"
"que",0,37,"-pi"
"que",0,38,"kailla"
"que",0,39,"-pi"
"que",0,40,"hawanpi"
"que",0,40,"hawanpi"
"que",0,40,"hawanpi"
"que",0,40,"hawanpi"
"que",0,43,"-pi"
"que",0,43,"hawanpi"
"que",0,43,"hawanpi"
"que",0,43,"hawanpi"
"que",0,43,"pata"
"que",0,44,"-pi"
"que",0,44,"-pi"
"que",0,44,"-pi"
"que",0,44,"-pi"
"que",0,44,"hawanpi"
"que",0,44,"hawanpi"
"que",0,46,"-pi"
"que",0,46,"-pi"
"que",0,46,"-pi"
"que",0,48,"-pi"
"que",0,48,"-pi"
"que",0,50,"-pi"
"que",0,50,"-pi"
"que",0,50,"-pi"
"que",0,50,"-pi"
"que",0,50,"-pi"
"que",0,50,"-pi"
"que",0,51,"-pi"
"que",0,51,"-pi"
"que",0,52,"-pi"
"que",0,52,"-pi"
"que",0,52,"-pi"
"que",0,52,"-pi"
"que",0,53,"ura"
"que",0,53,"uranninpi"
"que",0,53,"uranninpi"
"que",0,53,"uranninpi"
"que",0,54,"ukhu"
"que",0,55,"-pi"
"que",0,55,"-pi"
"que",0,55,"-pi"
"que",0,55,"-pi"
"que",0,58,"-pi"
"que",0,58,"-pi"
"que",0,59,"-pi"
"que",0,59,"-pi"
"que",0,59,"hawanpi"
"que",0,59,"hawanpi"
"que",0,60,"ukhu"
"que",0,60,"ukhu"
"que",0,61,"-pi"
"que",0,62,"hawanpi"
"que",0,63,"-pi"
"que",0,63,"-pi"
"que",0,63,"-pi"
"que",0,64,"qhipa"
"que",0,65,"hawanpi"
"que",0,65,"hawanpi"
"que",0,65,"hawanpi"
"que",0,65,"pata"
"que",0,67,"-pi"
"que",0,67,"ukhu"
"que",0,68,"-pi"
"que",0,69,"-pi"
"que",0,69,"-pi"
"que",0,69,"-pi"
"que",0,69,"-pi"
"que",0,71,"-pi"
"que",0,71,"-pi"
"que",0,71,"-pi"
"swa",0,1,"juu"
"swa",0,1,"juu"
"swa",0,1,"juu"
"swa",0,1,"juu"
"swa",0,1,"juu"
"swa",0,1,"juu"
"swa",0,1,"juu"
"swa",0,1,"juu"
"swa",0,1,"ku"
"swa",0,1,"ku"
"swa",0,1,"juu"
"swa",0,1,"juu"
"swa",0,1,"juu"
"swa",0,2,"ndani"
"swa",0,2,"ndani"
"swa",0,2,"ndani"
"swa",0,2,"katika"
"swa",0,2,"katika"
"swa",0,2,"ku"
"swa",0,2,"ndani"
"swa",0,2,"ku"
"swa",0,2,"ku"
"swa",0,2,"ndani"
"swa",0,2,"ndani"
"swa",0,3,"juu"
"swa",0,3,"ku"
"swa",0,3,"juu"
"swa",0,3,"ku"
"swa",0,3,"ku"
"swa",0,3,"juu"
"swa",0,3,"-ni"
"swa",0,3,"juu"
"swa",0,3,"ku"
"swa",0,3,"ku"
"swa",0,4,"ku"
"swa",0,4,"karibu"
"swa",0,4,"ku"
"swa",0,4,"ku"
"swa",0,4,"ku"
"swa",0,5,"juu"
"swa",0,5,"-ni"
"swa",0,5,"-ni"
"swa",0,5,"juu"
"swa",0,5,"-ni"
"swa",0,5,"-ni"
"swa",0,5,"-ni"
"swa",0,5,"juu"
"swa",0,5,"ku"
"swa",0,5,"ku"
"swa",0,6,"nje"
"swa",0,6,"kando"
"swa",0,6,"nje"
"swa",0,6,"karibu"
"swa",0,6,"nje"
"swa",0,6,"nje"
"swa",0,6,"nje"
"swa",0,6,"nje"
"swa",0,6,"karibu"
"swa",0,6,"nje"
"swa",0,6,"kando"
"swa",0,6,"nje"
"swa",0,6,"kando"
"swa",0,7,"juu"
"swa",0,7,"ku"
"swa",0,7,"-ni"
"swa",0,7,"ku"
"swa",0,7,"juu"
"swa",0,7,"ku"
"swa",0,7,"-ni"
"swa",0,7,"-ni"
"swa",0,7,"ku"
"swa",0,7,"ku"
"swa",0,7,"ku"
"swa",0,8,"juu"
"swa",0,8,"juu"
"swa",0,8,"ku"
"swa",0,8,"juu"
"swa",0,8,"ku"
"swa",0,8,"ku"
"swa",0,8,"juu"
"swa",0,8,"juu"
"swa",0,8,"juu"
"swa",0,8,"ku"
"swa",0,8,"ku"
"swa",0,8,"juu"
"swa",0,8,"juu"
"swa",0,9,"ku"
"swa",0,9,"ku"
"swa",0,9,"ku"
"swa",0,9,"ku"
"swa",0,9,"ku"
"swa",0,9,"ku"
"swa",0,9,"-ni"
"swa",0,9,"ku"
"swa",0,9,"ku"
"swa",0,9,"ku"
"swa",0,9,"ku"
"swa",0,10,"ku"
"swa",0,10,"juu"
"swa",0,10,"ku"
"swa",0,10,"katika"
"swa",0,10,"ku"
"swa",0,10,"ku"
"swa",0,10,"ku"
"swa",0,10,"ku"
"swa",0,11,"juu"
"swa",0,11,"ku"
"swa",0,11,"-ni"
"swa",0,11,"karibu"
"swa",0,11,"juu"
"swa",0,11,"juu"
"swa",0,11,"-ni"
"swa",0,11,"ku"
"swa",0,11,"ku"
"swa",0,11,"ku"
"swa",0,11,"-ni"
"swa",0,11,"-ni"
"swa",0,12,"juu"
"swa",0,12,"juu"
"swa",0,12,"juu"
"swa",0,12,"ku"
"swa",0,12,"ku"
"swa",0,13,"juu"
"swa",0,13,"juu"
"swa",0,13,"juu"
"swa",0,13,"juu"
"swa",0,13,"juu"
"swa",0,13,"juu"
"swa",0,13,"juu"
"swa",0,13,"ku"
"swa",0,13,"juu"
"swa",0,13,"ku"
"swa",0,14,"ndani"
"swa",0,14,"ku"
"swa",0,14,"ku"
"swa",0,14,"ndani"
"swa",0,14,"ndani"
"swa",0,14,"ndani"
"swa",0,14,"ku"
"swa",0,14,"katika"
"swa",0,14,"ndani"
"swa",0,14,"ndani"
"swa",0,14,"ku"
"swa",0,16,"chini"
"swa",0,16,"chini"
"swa",0,16,"chini"
"swa",0,16,"chini"
"swa",0,16,"chini"
"swa",0,16,"chini"
"swa",0,16,"chini"
"swa",0,16,"chini"
"swa",0,16,"nyuma"
"swa",0,16,"chini"
"swa",0,16,"chini"
"swa",0,16,"chini"
"swa",0,16,"chini"
"swa",0,17,"ku"
"swa",0,17,"ku"
"swa",0,17,"ku"
"swa",0,17,"juu"
"swa",0,17,"upande"
"swa",0,17,"ku"
"swa",0,17,"kando"
"swa",0,17,"juu"
"swa",0,17,"juu"
"swa",0,17,"ku"
"swa",0,17,"kando"
"swa",0,17,"ku"
"swa",0,17,"kando"
"swa",0,18,"ku"
"swa",0,18,"katika"
"swa",0,18,"ku"
"swa",0,18,"ku"
"swa",0,18,"ku"
"swa",0,19,"juu"
"swa",0,19,"juu"
"swa",0,19,"ku"
"swa",0,19,"juu"
"swa",0,19,"juu"
"swa",0,19,"ku"
"swa",0,19,"katikati"
"swa",0,19,"ku"
"swa",0,19,"katika"
"swa",0,19,"ku"
"swa",0,19,"juu"
"swa",0,19,"ku"
"swa",0,19,"ku"
"swa",0,20,"ku"
"swa",0,20,"ku"
"swa",0,20,"juu"
"swa",0,20,"ku"
"swa",0,20,"ku"
"swa",0,20,"ku"
"swa",0,20,"juu"
"swa",0,20,"ku"
"swa",0,20,"ku"
"swa",0,20,"ku"
"swa",0,20,"ku"
"swa",0,21,"ku"
"swa",0,21,"ku"
"swa",0,21,"katika"
"swa",0,21,"ku"
"swa",0,22,"katika"
"swa",0,22,"ku"
"swa",0,22,"ku"
"swa",0,22,"juu"
"swa",0,22,"juu"
"swa",0,22,"ku"
"swa",0,22,"ku"
"swa",0,22,"katika"
"swa",0,22,"ku"
"swa",0,22,"ku"
"swa",0,23,"juu"
"swa",0,23,"juu"
"swa",0,23,"juu"
"swa",0,23,"juu"
"swa",0,23,"juu"
"swa",0,23,"juu"
"swa",0,23,"juu"
"swa",0,23,"juu"
"swa",0,23,"juu"
"swa",0,23,"juu"
"swa",0,23,"juu"
"swa",0,23,"juu"
"swa",0,24,"chini"
"swa",0,24,"chini"
"swa",0,24,"chini"
"swa",0,24,"chini"
"swa",0,24,"chini"
"swa",0,25,"juu"
"swa",0,25,"-ni"
"swa",0,25,"juu"
"swa",0,25,"-ni"
"swa",0,25,"ku"
"swa",0,25,"-ni"
"swa",0,25,"-ni"
"swa",0,25,"katika"
"swa",0,25,"ku"
"swa",0,25,"ku"
"swa",0,25,"ku"
"swa",0,25,"ku"
"swa",0,26,"ku"
"swa",0,26,"katika"
"swa",0,26,"ku"
"swa",0,26,"ku"
"swa",0,26,"-ni"
"swa",0,27,"ku"
"swa",0,27,"juu"
"swa",0,27,"ku"
"swa",0,27,"ku"
"swa",0,27,"ku"
"swa",0,27,"ku"
"swa",0,27,"ku"
"swa",0,27,"ku"
"swa",0,27,"ku"
"swa",0,28,"katika"
"swa",0,28,"juu"
"swa",0,28,"ku"
"swa",0,28,"ku"
"swa",0,28,"ku"
"swa",0,28,"ku"
"swa",0,28,"ku"
"swa",0,28,"ku"
"swa",0,28,"ndani"
"swa",0,29,"juu"
"swa",0,29,"juu"
"swa",0,29,"-ni"
"swa",0,29,"juu"
"swa",0,29,"ku"
"swa",0,29,"ku"
"swa",0,30,"katika"
"swa",0,30,"ku"
"swa",0,30,"katikati"
"swa",0,30,"katika"
"swa",0,30,"ku"
"swa",0,31,"chini"
"swa",0,31,"chini"
"swa",0,31,"chini"
"swa",0,31,"chini"
"swa",0,31,"chini"
"swa",0,31,"chini"
"swa",0,31,"chini"
"swa",0,31,"chini"
"swa",0,31,"chini"
"swa",0,31,"chini"
"swa",0,31,"chini"
"swa",0,31,"chini"
"swa",0,31,"chini"
"swa",0,32,"ndani"
"swa",0,32,"ndani"
"swa",0,32,"ndani"
"swa",0,32,"katika"
"swa",0,32,"katika"
"swa",0,32,"ndani"
"swa",0,32,"ndani"
"swa",0,32,"ku"
"swa",0,32,"ku"
"swa",0,32,"katika"
"swa",0,32,"ndani"
"swa",0,33,"juu"
"swa",0,33,"juu"
"swa",0,33,"ku"
"swa",0,33,"ku"
"swa",0,33,"ku"
"swa",0,33,"ku"
"swa",0,33,"ku"
"swa",0,33,"ku"
"swa",0,34,"juu"
"swa",0,34,"juu"
"swa",0,34,"juu"
"swa",0,34,"juu"
"swa",0,34,"juu"
"swa",0,34,"juu"
"swa",0,34,"juu"
"swa",0,34,"juu"
"swa",0,34,"juu"
"swa",0,34,"juu"
"swa",0,34,"ku"
"swa",0,34,"juu"
"swa",0,34,"ku"
"swa",0,35,"ku"
"swa",0,35,"ku"
"swa",0,35,"juu"
"swa",0,35,"-ni"
"swa",0,35,"-ni"
"swa",0,35,"ku"
"swa",0,35,"ku"
"swa",0,35,"ku"
"swa",0,35,"-ni"
"swa",0,36,"juu"
"swa",0,36,"juu"
"swa",0,36,"juu"
"swa",0,36,"juu"
"swa",0,36,"juu"
"swa",0,36,"juu"
"swa",0,36,"juu"
"swa",0,36,"juu"
"swa",0,36,"juu"
"swa",0,36,"juu"
"swa",0,36,"juu"
"swa",0,36,"juu"
"swa",0,37,"ku"
"swa",0,37,"ku"
"swa",0,37,"juu"
"swa",0,37,"ku"
"swa",0,37,"ku"
"swa",0,37,"ku"
"swa",0,37,"ku"
"swa",0,37,"juu"
"swa",0,37,"ku"
"swa",0,37,"ku"
"swa",0,37,"ku"
"swa",0,38,"karibu"
"swa",0,38,"kando"
"swa",0,38,"karibu"
"swa",0,38,"kando"
"swa",0,38,"karibu"
"swa",0,38,"karibu"
"swa",0,38,"kando"
"swa",0,38,"kando"
"swa",0,39,"katika"
"swa",0,39,"katika"
"swa",0,39,"-ni"
"swa",0,39,"-ni"
"swa",0,40,"juu"
"swa",0,40,"juu"
"swa",0,40,"juu"
"swa",0,40,"juu"
"swa",0,40,"ku"
"swa",0,40,"juu"
"swa",0,40,"juu"
"swa",0,40,"ku"
"swa",0,40,"ku"
"swa",0,41,"juu"
"swa",0,41,"ku"
"swa",0,41,"juu"
"swa",0,41,"ku"
"swa",0,41,"ku"
"swa",0,41,"juu"
"swa",0,41,"ku"
"swa",0,41,"ku"
"swa",0,42,"ku"
"swa",0,42,"ku"
"swa",0,42,"juu"
"swa",0,42,"-ni"
"swa",0,42,"-ni"
"swa",0,42,"-ni"
"swa",0,42,"-ni"
"swa",0,42,"-ni"
"swa",0,43,"juu"
"swa",0,43,"juu"
"swa",0,43,"juu"
"swa",0,43,"juu"
"swa",0,43,"juu"
"swa",0,43,"juu"
"swa",0,43,"juu"
"swa",0,43,"juu"
"swa",0,43,"juu"
"swa",0,43,"juu"
"swa",0,43,"juu"
"swa",0,43,"chini"
"swa",0,43,"juu"
"swa",0,44,"ku"
"swa",0,44,"ku"
"swa",0,44,"-ni"
"swa",0,44,"juu"
"swa",0,44,"-ni"
"swa",0,44,"ku"
"swa",0,44,"juu"
"swa",0,44,"-ni"
"swa",0,44,"juu"
"swa",0,44,"ku"
"swa",0,44,"ku"
"swa",0,44,"-ni"
"swa",0,44,"-ni"
"swa",0,45,"juu"
"swa",0,45,"-ni"
"swa",0,45,"-ni"
"swa",0,45,"juu"
"swa",0,45,"-ni"
"swa",0,45,"ku"
"swa",0,45,"-ni"
"swa",0,45,"juu"
"swa",0,45,"-ni"
"swa",0,45,"-ni"
"swa",0,46,"ku"
"swa",0,46,"-ni"
"swa",0,46,"katika"
"swa",0,46,"-ni"
"swa",0,46,"ku"
"swa",0,46,"-ni"
"swa",0,46,"-ni"
"swa",0,46,"juu"
"swa",0,46,"ku"
"swa",0,46,"ku"
"swa",0,46,"ku"
"swa",0,46,"-ni"
"swa",0,47,"ndani"
"swa",0,47,"katika"
"swa",0,47,"ku"
"swa",0,47,"ku"
"swa",0,47,"ndani"
"swa",0,47,"katika"
"swa",0,47,"ku"
"swa",0,47,"ndani"
"swa",0,47,"ndani"
"swa",0,47,"ku"
"swa",0,48,"ku"
"swa",0,48,"-ni"
"swa",0,48,"ku"
"swa",0,49,"kando"
"swa",0,49,"kando"
"swa",0,49,"karibu"
"swa",0,49,"nje"
"swa",0,49,"karibu"
"swa",0,49,"karibu"
"swa",0,49,"mbele"
"swa",0,50,"ku"
"swa",0,50,"-ni"
"swa",0,50,"juu"
"swa",0,50,"-ni"
"swa",0,50,"-ni"
"swa",0,50,"-ni"
"swa",0,50,"ku"
"swa",0,50,"ku"
"swa",0,50,"-ni"
"swa",0,50,"-ni"
"swa",0,51,"juu"
"swa",0,51,"ku"
"swa",0,51,"ku"
"swa",0,51,"katika"
"swa",0,51,"-ni"
"swa",0,51,"-ni"
"swa",0,51,"-ni"
"swa",0,52,"ku"
"swa",0,52,"ku"
"swa",0,52,"-ni"
"swa",0,52,"juu"
"swa",0,52,"ku"
"swa",0,52,"-ni"
"swa",0,52,"katika -ni"
"swa",0,52,"ku"
"swa",0,52,"-ni"
"swa",0,52,"-ni"
"swa",0,53,"chini"
"swa",0,53,"chini"
"swa",0,53,"chini"
"swa",0,53,"chini"
"swa",0,53,"chini"
"swa",0,53,"chini"
"swa",0,53,"ndani"
"swa",0,53,"chini"
"swa",0,53,"chini"
"swa",0,54,"ndani"
"swa",0,54,"ndani"
"swa",0,54,"ku"
"swa",0,54,"ndani"
"swa",0,54,"ku"
"swa",0,54,"ndani"
"swa",0,54,"katika"
"swa",0,54,"ndani"
"swa",0,54,"ndani"
"swa",0,54,"ndani"
"swa",0,55,"ku"
"swa",0,55,"ku"
"swa",0,55,"ku"
"swa",0,55,"ku"
"swa",0,55,"ku"
"swa",0,55,"juu"
"swa",0,55,"ku"
"swa",0,55,"ku"
"swa",0,55,"ku"
"swa",0,55,"-ni"
"swa",0,56,"ku"
"swa",0,56,"juu"
"swa",0,56,"ku"
"swa",0,56,"ku"
"swa",0,56,"juu"
"swa",0,57,"ku"
"swa",0,57,"juu"
"swa",0,57,"katika"
"swa",0,58,"ku"
"swa",0,58,"ku"
"swa",0,58,"-ni"
"swa",0,58,"juu"
"swa",0,58,"-ni"
"swa",0,58,"ku"
"swa",0,58,"-ni"
"swa",0,58,"-ni"
"swa",0,58,"juu"
"swa",0,58,"ku"
"swa",0,58,"ku"
"swa",0,58,"-ni"
"swa",0,58,"ku"
"swa",0,59,"juu"
"swa",0,59,"juu"
"swa",0,59,"juu"
"swa",0,59,"juu"
"swa",0,59,"juu"
"swa",0,59,"juu"
"swa",0,59,"juu"
"swa",0,59,"juu"
"swa",0,59,"juu"
"swa",0,59,"ku"
"swa",0,59,"juu"
"swa",0,59,"juu"
"swa",0,59,"juu"
"swa",0,60,"ndani"
"swa",0,60,"ndani"
"swa",0,60,"ndani"
"swa",0,60,"ndani"
"swa",0,60,"ndani"
"swa",0,61,"-ni"
"swa",0,61,"ku"
"swa",0,62,"juu"
"swa",0,62,"katika"
"swa",0,62,"juu"
"swa",0,62,"ku"
"swa",0,62,"ku"
"swa",0,63,"ku"
"swa",0,63,"ku"
"swa",0,63,"kutoka"
"swa",0,63,"ku"
"swa",0,63,"juu ku"
"swa",0,63,"juu"
"swa",0,63,"juu"
"swa",0,63,"karibu"
"swa",0,64,"nyuma"
"swa",0,64,"nyuma"
"swa",0,64,"nyuma"
"swa",0,64,"nyuma"
"swa",0,64,"nyuma"
"swa",0,64,"nyuma"
"swa",0,64,"nyuma"
"swa",0,64,"nyuma"
"swa",0,64,"nyuma"
"swa",0,64,"nyuma ya"
"swa",0,64,"nyuma"
"swa",0,64,"nyuma"
"swa",0,65,"juu"
"swa",0,65,"juu"
"swa",0,65,"juu"
"swa",0,65,"juu"
"swa",0,65,"juu"
"swa",0,65,"juu"
"swa",0,65,"juu"
"swa",0,65,"juu"
"swa",0,65,"juu"
"swa",0,65,"juu"
"swa",0,65,"juu"
"swa",0,65,"juu"
"swa",0,65,"juu"
"swa",0,66,"juu"
"swa",0,66,"nje"
"swa",0,66,"ku"
"swa",0,66,"ku"
"swa",0,67,"ndani"
"swa",0,67,"ku"
"swa",0,67,"ndani"
"swa",0,67,"katika"
"swa",0,67,"ndani"
"swa",0,67,"ku"
"swa",0,67,"ku"
"swa",0,67,"katika"
"swa",0,67,"ku"
"swa",0,67,"ndani"
"swa",0,67,"ku"
"swa",0,67,"ku"
"swa",0,68,"ku"
"swa",0,68,"ku"
"swa",0,68,"juu"
"swa",0,68,"ku"
"swa",0,68,"mbele"
"swa",0,68,"ku"
"swa",0,68,"ku"
"swa",0,68,"ku"
"swa",0,69,"ku"
"swa",0,69,"ku"
"swa",0,69,"-ni"
"swa",0,69,"katika"
"swa",0,69,"-ni"
"swa",0,69,"ku"
"swa",0,69,"-ni"
"swa",0,69,"ku"
"swa",0,69,"katika"
"swa",0,69,"ku"
"swa",0,69,"ku"
"swa",0,69,"ku"
"swa",0,70,"ku"
"swa",0,70,"ku"
"swa",0,70,"juu"
"swa",0,70,"katikati"
"swa",0,70,"ku"
"swa",0,71,"ndani"
"swa",0,71,"ku"
"swa",0,71,"ku"
"swa",0,71,"ndani"
"swa",0,71,"ndani"
"swa",0,71,"ku"
"swa",0,71,"ndani"
"swa",0,71,"katika"
"swa",0,71,"ku"
"swa",0,71,"ndani"
"swa",0,71,"ku"
"swa",0,71,"ku"
"tha",0,1,"bon"
"tha",0,1,"bon"
"tha",0,1,"bon"
"tha",0,1,"bon"
"tha",0,1,"bon"
"tha",0,1,"bon"
"tha",0,1,"bon"
"tha",0,1,"bon"
"tha",0,1,"bon"
"tha",0,1,"bon"
"tha",0,1,"bon"
"tha",0,1,"bon"
"tha",0,1,"bon"
"tha",0,1,"bon"
"tha",0,2,"ni"
"tha",0,2,"ni"
"tha",0,2,"ni"
"tha",0,2,"ni"
"tha",0,2,"ni"
"tha",0,2,"ni"
"tha",0,2,"ni"
"tha",0,2,"ni"
"tha",0,2,"ni"
"tha",0,2,"ni"
"tha",0,2,"ni"
"tha",0,2,"phayni"
"tha",0,2,"thi dan lang"
"tha",0,3,"bon"
"tha",0,3,"bon"
"tha",0,3,"bon"
"tha",0,3,"bon"
"tha",0,3,"bon"
"tha",0,3,"bon"
"tha",0,3,"bon"
"tha",0,3,"bon"
"tha",0,3,"thi"
"tha",0,4,"bon"
"tha",0,4,"bon"
"tha",0,4,"bon"
"tha",0,4,"kab"
"tha",0,4,"rob"
"tha",0,4,"rob"
"tha",0,4,"rob"
"tha",0,4,"thi"
"tha",0,5,"bon"
"tha",0,5,"bon"
"tha",0,5,"bon"
"tha",0,5,"bon"
"tha",0,5,"bon"
"tha",0,5,"bon"
"tha",0,6,"khong"
"tha",0,6,"khong"
"tha",0,6,"khong"
"tha",0,6,"khong"
"tha",0,6,"khong"
"tha",0,6,"khong"
"tha",0,6,"khong"
"tha",0,6,"khong"
"tha",0,6,"khong"
"tha",0,6,"nok"
"tha",0,6,"nok"
"tha",0,6,"nok"
"tha",0,6,"nok"
"tha",0,7,"bon"
"tha",0,7,"bon"
"tha",0,7,"bon"
"tha",0,7,"bon"
"tha",0,7,"bon"
"tha",0,7,"bon"
"tha",0,7,"bon"
"tha",0,7,"bon"
"tha",0,7,"bon"
"tha",0,7,"bon"
"tha",0,7,"bon"
"tha",0,7,"bon"
"tha",0,7,"bon"
"tha",0,7,"bon"
"tha",0,8,"bon"
"tha",0,8,"bon"
"tha",0,8,"bon"
"tha",0,8,"bon"
"tha",0,8,"bon"
"tha",0,8,"bon"
"tha",0,8,"bon"
"tha",0,8,"bon"
"tha",0,8,"bon"
"tha",0,8,"bon"
"tha",0,8,"bon"
"tha",0,8,"bon"
"tha",0,8,"bon"
"tha",0,8,"bon"
"tha",0,9,"bon"
"tha",0,9,"bon"
"tha",0,9,"bon"
"tha",0,9,"bon"
"tha",0,9,"trong"
"tha",0,10,"bon"
"tha",0,10,"bon"
"tha",0,10,"bon"
"tha",0,10,"bon"
"tha",0,10,"bon"
"tha",0,10,"bon"
"tha",0,10,"bon"
"tha",0,10,"bon"
"tha",0,11,"bon"
"tha",0,11,"bon"
"tha",0,11,"klang"
"tha",0,11,"klang"
"tha",0,11,"ni"
"tha",0,11,"ni"
"tha",0,11,"ni"
"tha",0,11,"ni"
"tha",0,11,"ni"
"tha",0,11,"ni"
"tha",0,11,"ni"
"tha",0,11,"ni"
"tha",0,11,"ni"
"tha",0,12,"bon"
"tha",0,12,"bon"
"tha",0,12,"bon"
"tha",0,12,"bon"
"tha",0,12,"bon"
"tha",0,12,"bon"
"tha",0,12,"bon"
"tha",0,12,"bon"
"tha",0,12,"bon"
"tha",0,13,"henux"
"tha",0,13,"henux"
"tha",0,13,"henux"
"tha",0,13,"henux"
"tha",0,13,"henux"
"tha",0,13,"henux"
"tha",0,13,"henux"
"tha",0,13,"henux"
"tha",0,13,"henux"
"tha",0,13,"khong"
"tha",0,14,"ni"
"tha",0,14,"ni"
"tha",0,14,"ni"
"tha",0,14,"ni"
"tha",0,14,"ni"
"tha",0,14,"ni"
"tha",0,14,"ni"
"tha",0,14,"ni"
"tha",0,14,"ni"
"tha",0,14,"ni"
"tha",0,14,"ni"
"tha",0,14,"ni"
"tha",0,15,"rob"
"tha",0,15,"rob"
"tha",0,15,"rob"
"tha",0,15,"rob"
"tha",0,15,"rob"
"tha",0,16,"fi"
"tha",0,16,"fi"
"tha",0,16,"fi"
"tha",0,16,"tai"
"tha",0,16,"tai"
"tha",0,16,"tai"
"tha",0,16,"tai"
"tha",0,16,"tai"
"tha",0,16,"tai"
"tha",0,16,"tai"
"tha",0,16,"tai"
"tha",0,16,"tai"
"tha",0,16,"tai"
"tha",0,16,"tai"
"tha",0,16,"tai"
"tha",0,17,"bon"
"tha",0,17,"bon"
"tha",0,17,"bon"
"tha",0,17,"bon"
"tha",0,17,"bon"
"tha",0,17,"bon"
"tha",0,17,"bon"
"tha",0,17,"bon"
"tha",0,17,"bon"
"tha",0,17,"bon"
"tha",0,17,"bon"
"tha",0,17,"bon"
"tha",0,17,"bon"
"tha",0,17,"thi"
"tha",0,18,"bon"
"tha",0,18,"bon"
"tha",0,18,"bon"
"tha",0,19,"bon"
"tha",0,19,"bon"
"tha",0,19,"bon"
"tha",0,19,"bon"
"tha",0,19,"bon"
"tha",0,19,"bon"
"tha",0,19,"bon"
"tha",0,19,"bon"
"tha",0,19,"bon"
"tha",0,19,"bon"
"tha",0,19,"ni"
"tha",0,19,"ni"
"tha",0,19,"ni"
"tha",0,20,"bon"
"tha",0,20,"bon"
"tha",0,20,"bon"
"tha",0,20,"bon"
"tha",0,20,"bon"
"tha",0,20,"thi"
"tha",0,21,"kab"
"tha",0,21,"thi"
"tha",0,22,"bon"
"tha",0,22,"bon"
"tha",0,22,"bon"
"tha",0,22,"ni"
"tha",0,22,"ni"
"tha",0,22,"thi"
"tha",0,22,"thi"
"tha",0,22,"thi"
"tha",0,23,"bon"
"tha",0,23,"bon"
"tha",0,23,"bon"
"tha",0,23,"bon"
"tha",0,23,"bon"
"tha",0,23,"bon"
"tha",0,23,"bon"
"tha",0,23,"bon"
"tha",0,23,"bon"
"tha",0,23,"bon"
"tha",0,23,"bon"
"tha",0,23,"bon"
"tha",0,23,"bon"
"tha",0,23,"bon"
"tha",0,23,"bon"
"tha",0,24,"tai"
"tha",0,24,"tai"
"tha",0,24,"tai"
"tha",0,24,"tai"
"tha",0,24,"tai"
"tha",0,24,"tai"
"tha",0,25,"bon"
"tha",0,25,"bon"
"tha",0,25,"bon"
"tha",0,25,"bon"
"tha",0,25,"bon"
"tha",0,25,"bon"
"tha",0,25,"bon"
"tha",0,25,"bon"
"tha",0,25,"bon"
"tha",0,26,"bon"
"tha",0,26,"bon"
"tha",0,26,"bon"
"tha",0,26,"khong"
"tha",0,27,"bon"
"tha",0,27,"bon"
"tha",0,27,"bon"
"tha",0,27,"bon"
"tha",0,27,"bon"
"tha",0,27,"bon"
"tha",0,28,"bon"
"tha",0,28,"bon"
"tha",0,28,"bon"
"tha",0,28,"bon"
"tha",0,28,"bon"
"tha",0,28,"bon"
"tha",0,28,"bon"
"tha",0,28,"bon"
"tha",0,28,"ni"
"tha",0,28,"ni"
"tha",0,29,"bon"
"tha",0,29,"bon"
"tha",0,29,"bon"
"tha",0,30,"klang"
"tha",0,30,"ni"
"tha",0,30,"thalu"
"tha",0,30,"thalu"
"tha",0,30,"thalu"
"tha",0,30,"thalu"
"tha",0,30,"thalu"
"tha",0,30,"thalu"
"tha",0,31,"tai"
"tha",0,31,"tai"
"tha",0,31,"tai"
"tha",0,31,"tai"
"tha",0,31,"tai"
"tha",0,31,"tai"
"tha",0,31,"tai"
"tha",0,31,"tai"
"tha",0,31,"tai"
"tha",0,31,"tai"
"tha",0,31,"tai"
"tha",0,31,"tai"
"tha",0,31,"tai"
"tha",0,31,"tai"
"tha",0,31,"tai"
"tha",0,32,"ni"
"tha",0,32,"ni"
"tha",0,32,"ni"
"tha",0,32,"ni"
"tha",0,32,"ni"
"tha",0,32,"ni"
"tha",0,32,"ni"
"tha",0,32,"ni"
"tha",0,32,"ni"
"tha",0,32,"ni"
"tha",0,32,"ni"
"tha",0,32,"ni"
"tha",0,32,"ni"
"tha",0,33,"bon"
"tha",0,33,"bon"
"tha",0,33,"bon"
"tha",0,33,"bon"
"tha",0,33,"bon"
"tha",0,34,"bon"
"tha",0,34,"bon"
"tha",0,34,"bon"
"tha",0,34,"bon"
"tha",0,34,"bon"
"tha",0,34,"bon"
"tha",0,34,"bon"
"tha",0,34,"bon"
"tha",0,34,"bon"
"tha",0,34,"bon"
"tha",0,34,"bon"
"tha",0,34,"bon"
"tha",0,34,"bon"
"tha",0,35,"bon"
"tha",0,35,"bon"
"tha",0,35,"hlang"
"tha",0,35,"thi"
"tha",0,35,"thi"
"tha",0,35,"thi"
"tha",0,35,"trong"
"tha",0,36,"bon"
"tha",0,36,"bon"
"tha",0,36,"hlang"
"tha",0,36,"hlang"
"tha",0,36,"hlang"
"tha",0,36,"hlang"
"tha",0,36,"hlang"
"tha",0,36,"hlang"
"tha",0,36,"hlang"
"tha",0,36,"hlang"
"tha",0,36,"hlang"
"tha",0,36,"hlang"
"tha",0,37,"bon"
"tha",0,37,"bon"
"tha",0,37,"bon"
"tha",0,37,"bon"
"tha",0,37,"bon"
"tha",0,37,"bon"
"tha",0,37,"bon"
"tha",0,37,"bon"
"tha",0,37,"bon"
"tha",0,37,"thi"
"tha",0,37,"thi"
"tha",0,37,"thi"
"tha",0,38,"kab"
"tha",0,38,"khong"
"tha",0,38,"khong"
"tha",0,38,"khong"
"tha",0,38,"khong"
"tha",0,38,"khong"
"tha",0,38,"khong"
"tha",0,38,"khong"
"tha",0,38,"khong"
"tha",0,38,"khong"
"tha",0,38,"khong"
"tha",0,38,"khong"
"tha",0,38,"khong"
"tha",0,39,"ni"
"tha",0,39,"ni"
"tha",0,39,"ni"
"tha",0,39,"thi"
"tha",0,39,"thi"
"tha",0,39,"thi"
"tha",0,40,"bon"
"tha",0,40,"bon"
"tha",0,40,"bon"
"tha",0,40,"bon"
"tha",0,40,"bon"
"tha",0,40,"bon"
"tha",0,40,"bon"
"tha",0,40,"bon"
"tha",0,40,"bon"
"tha",0,40,"bon"
"tha",0,40,"bon"
"tha",0,40,"bon"
"tha",0,40,"bon"
"tha",0,40,"bon"
"tha",0,41,"bon"
"tha",0,41,"bon"
"tha",0,41,"bon"
"tha",0,41,"bon"
"tha",0,41,"bon"
"tha",0,41,"bon"
"tha",0,41,"cak"
"tha",0,41,"khang"
"tha",0,41,"thi"
"tha",0,41,"thi"
"tha",0,42,"bon"
"tha",0,42,"bon"
"tha",0,42,"nok"
"tha",0,42,"thi"
"tha",0,43,"bon"
"tha",0,43,"bon"
"tha",0,43,"bon"
"tha",0,43,"bon"
"tha",0,43,"bon"
"tha",0,43,"bon"
"tha",0,43,"bon"
"tha",0,43,"bon"
"tha",0,43,"bon"
"tha",0,43,"bon"
"tha",0,43,"bon"
"tha",0,43,"henux"
"tha",0,44,"bon"
"tha",0,44,"bon"
"tha",0,44,"bon"
"tha",0,44,"bon"
"tha",0,44,"bon"
"tha",0,44,"bon"
"tha",0,44,"bon"
"tha",0,44,"bon"
"tha",0,44,"bon"
"tha",0,44,"bon"
"tha",0,44,"thi"
"tha",0,44,"thi"
"tha",0,44,"thi"
"tha",0,45,"bon"
"tha",0,45,"bon"
"tha",0,45,"bon"
"tha",0,45,"bon"
"tha",0,45,"bon"
"tha",0,45,"bon"
"tha",0,45,"bon"
"tha",0,45,"bon"
"tha",0,45,"bon"
"tha",0,45,"bon"
"tha",0,45,"bon"
"tha",0,45,"cak"
"tha",0,46,"bon"
"tha",0,46,"bon"
"tha",0,46,"bon"
"tha",0,46,"bon"
"tha",0,46,"rob"
"tha",0,46,"thi"
"tha",0,46,"thi"
"tha",0,46,"thi"
"tha",0,47,"bon"
"tha",0,47,"bon"
"tha",0,47,"bon"
"tha",0,47,"bon"
"tha",0,47,"ni"
"tha",0,47,"ni"
"tha",0,47,"ni"
"tha",0,47,"ni"
"tha",0,47,"ni"
"tha",0,47,"ni"
"tha",0,47,"ni"
"tha",0,47,"ni"
"tha",0,48,"bon"
"tha",0,48,"bon"
"tha",0,48,"bon"
"tha",0,48,"bon"
"tha",0,48,"bon"
"tha",0,48,"dan nok"
"tha",0,48,"nok"
"tha",0,48,"nok"
"tha",0,48,"nok"
"tha",0,48,"nok"
"tha",0,48,"thi"
"tha",0,48,"thi"
"tha",0,49,"khong"
"tha",0,49,"khong"
"tha",0,49,"khong"
"tha",0,49,"khong"
"tha",0,49,"khong"
"tha",0,49,"thi"
"tha",0,49,"wi hna"
"tha",0,50,"bon"
"tha",0,50,"bon"
"tha",0,50,"bon"
"tha",0,50,"bon"
"tha",0,50,"kab"
"tha",0,50,"khang"
"tha",0,50,"thi"
"tha",0,50,"thi"
"tha",0,51,"bon"
"tha",0,51,"rob"
"tha",0,51,"thi"
"tha",0,51,"thi"
"tha",0,52,"bon"
"tha",0,52,"bon"
"tha",0,52,"bon"
"tha",0,52,"bon"
"tha",0,52,"bon"
"tha",0,52,"bon"
"tha",0,52,"bon"
"tha",0,52,"bon"
"tha",0,52,"bon"
"tha",0,52,"bon"
"tha",0,52,"bon"
"tha",0,52,"bon"
"tha",0,52,"thi"
"tha",0,53,"cak"
"tha",0,53,"cak"
"tha",0,53,"cak"
"tha",0,53,"cak"
"tha",0,53,"cak"
"tha",0,53,"tai"
"tha",0,53,"tai"
"tha",0,53,"tai"
"tha",0,53,"tai"
"tha",0,54,"ni"
"tha",0,54,"ni"
"tha",0,54,"ni"
"tha",0,54,"ni"
"tha",0,54,"ni"
"tha",0,54,"ni"
"tha",0,54,"ni"
"tha",0,54,"ni"
"tha",0,54,"ni"
"tha",0,54,"ni"
"tha",0,54,"ni"
"tha",0,54,"ni"
"tha",0,54,"ni"
"tha",0,55,"rob"
"tha",0,55,"rob"
"tha",0,55,"rob"
"tha",0,55,"rob"
"tha",0,55,"rob"
"tha",0,55,"rob"
"tha",0,55,"rob"
"tha",0,55,"rob"
"tha",0,55,"rob"
"tha",0,55,"rob"
"tha",0,55,"rob"
"tha",0,55,"rob"
"tha",0,56,"bon"
"tha",0,56,"bon"
"tha",0,56,"bon"
"tha",0,56,"bon"
"tha",0,56,"bon"
"tha",0,56,"bon"
"tha",0,56,"bon"
"tha",0,56,"bon"
"tha",0,56,"khun su yad"
"tha",0,56,"thi"
"tha",0,57,"bon"
"tha",0,57,"bon"
"tha",0,57,"thi"
"tha",0,58,"khang"
"tha",0,58,"khang"
"tha",0,58,"khong"
"tha",0,59,"bon"
"tha",0,59,"bon"
"tha",0,59,"bon"
"tha",0,59,"bon"
"tha",0,59,"bon"
"tha",0,59,"bon"
"tha",0,59,"bon"
"tha",0,59,"bon"
"tha",0,59,"bon"
"tha",0,59,"bon"
"tha",0,59,"bon"
"tha",0,59,"bon"
"tha",0,59,"bon"
"tha",0,59,"bon"
"tha",0,59,"bon"
"tha",0,60,"klang"
"tha",0,60,"ni"
"tha",0,60,"ni"
"tha",0,60,"ni"
"tha",0,60,"ni"
"tha",0,60,"phayni"
"tha",0,60,"rob"
"tha",0,61,"bon"
"tha",0,61,"bon"
"tha",0,61,"kab"
"tha",0,62,"bon"
"tha",0,62,"thi"
"tha",0,62,"thi"
"tha",0,62,"thi"
"tha",0,63,"bon"
"tha",0,63,"bon"
"tha",0,63,"bon"
"tha",0,63,"bon"
"tha",0,63,"bon"
"tha",0,63,"bon"
"tha",0,63,"bon"
"tha",0,63,"bon"
"tha",0,63,"bon"
"tha",0,63,"bon"
"tha",0,63,"cak"
"tha",0,63,"cak"
"tha",0,64,"hlang"
"tha",0,64,"hlang"
"tha",0,64,"hlang"
"tha",0,64,"hlang"
"tha",0,64,"hlang"
"tha",0,64,"hlang"
"tha",0,64,"hlang"
"tha",0,64,"hlang"
"tha",0,64,"hlang"
"tha",0,64,"hlang"
"tha",0,64,"hlang"
"tha",0,64,"hlang"
"tha",0,64,"hlang"
"tha",0,65,"bon"
"tha",0,65,"bon"
"tha",0,65,"bon"
"tha",0,65,"bon"
"tha",0,65,"bon"
"tha",0,65,"bon"
"tha",0,65,"bon"
"tha",0,65,"bon"
"tha",0,65,"bon"
"tha",0,65,"bon"
"tha",0,65,"bon"
"tha",0,65,"bon"
"tha",0,65,"bon"
"tha",0,65,"bon"
"tha",0,65,"bon"
"tha",0,66,"kab"
"tha",0,66,"kab"
"tha",0,67,"ni"
"tha",0,67,"ni"
"tha",0,67,"ni"
"tha",0,67,"ni"
"tha",0,67,"ni"
"tha",0,67,"ni"
"tha",0,67,"ni"
"tha",0,67,"ni"
"tha",0,67,"ni"
"tha",0,67,"ni"
"tha",0,67,"ni"
"tha",0,67,"ni"
"tha",0,68,"bon"
"tha",0,68,"bon"
"tha",0,68,"bon"
"tha",0,68,"bon"
"tha",0,68,"bon"
"tha",0,68,"bon"
"tha",0,69,"ni"
"tha",0,69,"thi"
"tha",0,69,"thi"
"tha",0,69,"thi"
"tha",0,69,"thi"
"tha",0,69,"thi"
"tha",0,69,"thi"
"tha",0,70,"thalu"
"tha",0,71,"ni"
"tha",0,71,"ni"
"tha",0,71,"ni"
"tha",0,71,"ni"
"tha",0,71,"ni"
"tha",0,71,"ni"
"tha",0,71,"ni"
"tha",0,71,"ni"
"tha",0,71,"ni"
"tha",0,71,"ni"
"tha",0,71,"ni"
"tha",0,71,"ni"
"tha",0,71,"thi"
"bas",0,1,"gaine -an"
"bas",0,1,"gaine -an"
"bas",0,1,"gaine -an"
"bas",0,2,"barru -an"
"bas",0,2,"-an"
"bas",0,2,"-an"
"bas",0,3,"-an"
"bas",0,4,"-an"
"bas",0,6,"kanpo"
"bas",0,6,"kanpo -an"
"bas",0,6,"ondo -an"
"bas",0,6,"ondo -an"
"bas",0,7,"-tik"
"bas",0,7,"-an"
"bas",0,7,"-an"
"bas",0,8,"gaine -an"
"bas",0,8,"gaine -an"
"bas",0,9,"-tik"
"bas",0,10,"-an"
"bas",0,10,"-an"
"bas",0,11,"gaine -an"
"bas",0,13,"gaine -an"
"bas",0,13,"gaine -an"
"bas",0,13,"gaine -an"
"bas",0,14,"barru -tik"
"bas",0,14,"barru -an"
"bas",0,14,"barru -an"
"bas",0,16,"azpi -an"
"bas",0,16,"azpi -an"
"bas",0,17,"erdi -an"
"bas",0,17,"-an"
"bas",0,17,"-an"
"bas",0,18,"gaine -an"
"bas",0,18,"-an"
"bas",0,19,"barru"
"bas",0,19,"-an"
"bas",0,21,"-an"
"bas",0,21,"-an"
"bas",0,22,"-an"
"bas",0,22,"-an"
"bas",0,23,"gaine -tik"
"bas",0,23,"gaine -tik"
"bas",0,24,"azpi -an"
"bas",0,24,"azpi -an"
"bas",0,24,"pe -an"
"bas",0,25,"-an"
"bas",0,25,"-an"
"bas",0,25,"-an"
"bas",0,26,"-an"
"bas",0,27,"-tik"
"bas",0,27,"-tik"
"bas",0,28,"barru -an"
"bas",0,28,"-an"
"bas",0,28,"-an"
"bas",0,29,"gaine -an"
"bas",0,31,"azpi -an"
"bas",0,31,"azpi -an"
"bas",0,31,"azpi -an"
"bas",0,31,"azpi -an"
"bas",0,32,"-tik"
"bas",0,32,"barru -an"
"bas",0,32,"-an"
"bas",0,34,"gaine -an"
"bas",0,34,"-an"
"bas",0,34,"-an"
"bas",0,34,"-an"
"bas",0,35,"-an"
"bas",0,36,"gaine -an"
"bas",0,36,"gaine -an"
"bas",0,38,"-an"
"bas",0,38,"ondo -an"
"bas",0,39,"barru -an"
"bas",0,40,"gaine -an"
"bas",0,40,"gaine -an"
"bas",0,41,"-tik"
"bas",0,41,"-an"
"bas",0,43,"gaine -tik"
"bas",0,43,"gaine -tik"
"bas",0,44,"-an"
"bas",0,44,"-an"
"bas",0,44,"-an"
"bas",0,45,"-tik"
"bas",0,45,"-tik"
"bas",0,45,"-tik"
"bas",0,45,"-tik"
"bas",0,46,"-an"
"bas",0,46,"-an"
"bas",0,46,"inguru -an"
"bas",0,47,"barru -an"
"bas",0,47,"barru -an"
"bas",0,48,"gaine -an"
"bas",0,49,"aurre -an"
"bas",0,49,"aurre -an"
"bas",0,49,"aurre -an"
"bas",0,50,"-an"
"bas",0,51,"-an"
"bas",0,51,"-an"
"bas",0,52,"gaine -an"
"bas",0,52,"-an"
"bas",0,52,"-an"
"bas",0,53,"azpi -an"
"bas",0,53,"azpi -an"
"bas",0,54,"barru -an"
"bas",0,54,"barru -an"
"bas",0,54,"-an"
"bas",0,55,"-an"
"bas",0,55,"inguru -an"
"bas",0,56,"aurre -an"
"bas",0,56,"aurre -an"
"bas",0,56,"aurre -an"
"bas",0,57,"-tik"
"bas",0,58,"kontra"
"bas",0,59,"gaine -an"
"bas",0,59,"gaine -an"
"bas",0,59,"-an"
"bas",0,60,"barru -an"
"bas",0,60,"barru -an"
"bas",0,60,"erdi -an"
"bas",0,61,"-an"
"bas",0,62,"barru -an"
"bas",0,63,"-tik"
"bas",0,63,"-tik"
"bas",0,63,"-tik"
"bas",0,64,"atze -an"
"bas",0,64,"atze -an"
"bas",0,64,"atze -an"
"bas",0,65,"gailure -an"
"bas",0,65,"gaine -an"
"bas",0,65,"gaine -an"
"bas",0,67,"barru -an"
"bas",0,67,"barru -an"
"bas",0,67,"barru -an"
"bas",0,67,"-an"
"bas",0,68,"-an"
"bas",0,68,"-an"
"bas",0,69,"-an"
"bas",0,69,"-an"
"bas",0,70,"-an"
"bas",0,71,"barru -an"
"bas",0,71,"barru -an"
"bas",0,71,"-an"space_all_LM1_eng_for_dut