bas,0,0,gainean
bas,0,0,gainean
bas,0,0,gainean
bas,0,0,gainean
bas,0,0,gainean
bas,0,0,gainean
bas,0,0,gainean
bas,0,0,gainean
bas,0,0,gainean
bas,0,0,gainean
bas,0,0,gainean
bas,0,0,gainean
bas,0,0,gainean
bas,0,0,gainean
bas,0,0,gainean
bas,0,0,gainean
bas,0,0,gainean
bas,0,0,gainean
bas,0,0,gainean
bas,0,0,gainean
bas,0,0,gainean
bas,0,0,gainean
bas,0,0,gainean
bas,0,0,gainean
bas,0,0,gainean
bas,0,0,gainean
bas,0,1,barruan
bas,0,1,barruan
bas,0,1,barruan
bas,0,1,barruan
bas,0,1,barruan
bas,0,1,barruan
bas,0,1,barruan
bas,0,1,barruan
bas,0,1,barruan
bas,0,1,barruan
bas,0,1,barruan
bas,0,1,barruan
bas,0,1,barruan
bas,0,1,barruan
bas,0,1,barruan
bas,0,1,barruan
bas,0,1,barruan
bas,0,1,barruan
bas,0,1,barruan
bas,0,1,barruan
bas,0,1,barruan
bas,0,1,barruan
bas,0,2,gainean
bas,0,2,erdian
bas,0,2,aurrean
bas,0,3,erdian
bas,0,3,erdian
bas,0,3,erdian
bas,0,3,erdian
bas,0,3,inguruan
bas,0,3,inguruan
bas,0,4,gainean
bas,0,4,gainean
bas,0,4,gainean
bas,0,4,gainean
bas,0,4,gainean
bas,0,4,gainean
bas,0,4,gainean
bas,0,4,gainean
bas,0,4,gainean
bas,0,4,alboan
bas,0,5,alboan
bas,0,5,alboan
bas,0,5,alboan
bas,0,5,alboan
bas,0,5,ondoan
bas,0,5,ondoan
bas,0,5,ondoan
bas,0,5,ondoan
bas,0,5,ondoan
bas,0,5,ondoan
bas,0,5,ondoan
bas,0,5,ondoan
bas,0,5,ondoan
bas,0,5,ondoan
bas,0,5,ondoan
bas,0,5,ondoan
bas,0,5,ondoan
bas,0,5,ondoan
bas,0,5,ondoan
bas,0,5,ondoan
bas,0,6,gainean
bas,0,6,gainean
bas,0,7,gainean
bas,0,7,gainean
bas,0,7,gainean
bas,0,7,gainean
bas,0,7,gainean
bas,0,7,gainean
bas,0,7,gainean
bas,0,7,gainean
bas,0,7,gainean
bas,0,7,gainean
bas,0,7,gainean
bas,0,7,gainean
bas,0,7,erdian
bas,0,8,azpian
bas,0,9,inguruan
bas,0,9,inguruan
bas,0,10,gainean
bas,0,11,gainean
bas,0,11,gainean
bas,0,11,gainean
bas,0,12,gainean
bas,0,12,gainean
bas,0,12,gainean
bas,0,12,gainean
bas,0,12,gainean
bas,0,12,gainean
bas,0,12,gainean
bas,0,12,gainean
bas,0,12,gainean
bas,0,12,gainean
bas,0,12,gainean
bas,0,12,gainean
bas,0,12,gainean
bas,0,12,gainean
bas,0,12,gainean
bas,0,12,gainean
bas,0,12,gainean
bas,0,12,gainean
bas,0,12,gainean
bas,0,13,barruan
bas,0,13,barruan
bas,0,13,barruan
bas,0,13,barruan
bas,0,13,barruan
bas,0,13,barruan
bas,0,13,barruan
bas,0,13,barruan
bas,0,13,barruan
bas,0,13,barruan
bas,0,13,barruan
bas,0,13,barruan
bas,0,13,barruan
bas,0,13,barruan
bas,0,13,barruan
bas,0,13,barruan
bas,0,13,barruan
bas,0,13,barruan
bas,0,13,barruan
bas,0,13,barruan
bas,0,13,barruan
bas,0,13,barruan
bas,0,13,barnean
bas,0,14,barruan
bas,0,14,inguruan
bas,0,14,inguruan
bas,0,14,inguruan
bas,0,14,inguruan
bas,0,14,inguruan
bas,0,14,inguruan
bas,0,14,inguruan
bas,0,14,inguruan
bas,0,14,inguruan
bas,0,14,inguruan
bas,0,14,inguruan
bas,0,14,inguruan
bas,0,14,inguruan
bas,0,14,inguruan
bas,0,14,inguruan
bas,0,14,inguruan
bas,0,14,inguruan
bas,0,14,inguruan
bas,0,14,inguruan
bas,0,14,inguruan
bas,0,14,inguruan
bas,0,15,azpian
bas,0,15,azpian
bas,0,15,azpian
bas,0,15,azpian
bas,0,15,azpian
bas,0,15,azpian
bas,0,15,azpian
bas,0,15,azpian
bas,0,15,azpian
bas,0,15,azpian
bas,0,15,azpian
bas,0,15,azpian
bas,0,15,azpian
bas,0,15,azpian
bas,0,15,azpian
bas,0,15,azpian
bas,0,15,azpian
bas,0,15,azpian
bas,0,15,azpian
bas,0,15,azpian
bas,0,15,azpian
bas,0,15,azpian
bas,0,15,azpian
bas,0,15,azpian
bas,0,16,erdian
bas,0,16,erdian
bas,0,16,erdian
bas,0,17,erdian
bas,0,17,erdian
bas,0,17,alboan
bas,0,18,barruan
bas,0,18,barruan
bas,0,18,barruan
bas,0,18,barruan
bas,0,18,barruan
bas,0,18,barruan
bas,0,18,barruan
bas,0,18,barruan
bas,0,18,barruan
bas,0,18,barruan
bas,0,18,barruan
bas,0,18,barruan
bas,0,18,barruan
bas,0,18,barruan
bas,0,18,barruan
bas,0,18,barruan
bas,0,18,barruan
bas,0,18,barnean
bas,0,18,erdian
bas,0,18,erdian
bas,0,18,erdian
bas,0,18,erdian
bas,0,18,erdian
bas,0,18,erdian
bas,0,18,erdian
bas,0,19,alboan
bas,0,19,ondoan
bas,0,19,azpian
bas,0,20,barruan
bas,0,20,barruan
bas,0,20,barruan
bas,0,20,inguruan
bas,0,20,inguruan
bas,0,21,inguruan
bas,0,22,gainean
bas,0,22,gainean
bas,0,22,gainean
bas,0,22,gainean
bas,0,22,gainean
bas,0,22,gainean
bas,0,22,gainean
bas,0,22,gainean
bas,0,22,gainean
bas,0,22,gainean
bas,0,22,gainean
bas,0,22,gainean
bas,0,22,gainean
bas,0,22,gainean
bas,0,22,gainean
bas,0,22,gainean
bas,0,22,gainean
bas,0,22,gainean
bas,0,22,gainean
bas,0,22,gainean
bas,0,22,gainean
bas,0,22,inguruan
bas,0,23,gainean
bas,0,23,ondoan
bas,0,23,azpian
bas,0,23,azpian
bas,0,23,azpian
bas,0,23,azpian
bas,0,23,azpian
bas,0,23,azpian
bas,0,23,azpian
bas,0,23,azpian
bas,0,23,azpian
bas,0,23,azpian
bas,0,23,azpian
bas,0,23,azpian
bas,0,23,azpian
bas,0,23,azpian
bas,0,23,azpian
bas,0,23,azpian
bas,0,23,azpian
bas,0,23,azpian
bas,0,23,azpian
bas,0,23,azpian
bas,0,23,azpian
bas,0,23,azpian
bas,0,23,azpian
bas,0,23,azpian
bas,0,24,gainean
bas,0,25,gainean
bas,0,25,erdian
bas,0,25,erdian
bas,0,26,azpian
bas,0,26,azpian
bas,0,26,azpian
bas,0,26,azpian
bas,0,27,barruan
bas,0,27,erdian
bas,0,27,erdian
bas,0,27,erdian
bas,0,27,erdian
bas,0,27,erdian
bas,0,27,erdian
bas,0,27,erdian
bas,0,27,erdian
bas,0,28,gainean
bas,0,28,gainean
bas,0,28,gainean
bas,0,28,gainean
bas,0,28,gainean
bas,0,28,gainean
bas,0,28,gainean
bas,0,28,gainean
bas,0,28,gainean
bas,0,28,gainean
bas,0,28,gainean
bas,0,28,gainean
bas,0,28,gainean
bas,0,28,gainean
bas,0,29,barruan
bas,0,29,barruan
bas,0,30,azpian
bas,0,30,azpian
bas,0,30,azpian
bas,0,30,azpian
bas,0,30,azpian
bas,0,30,azpian
bas,0,30,azpian
bas,0,30,azpian
bas,0,30,azpian
bas,0,30,azpian
bas,0,30,azpian
bas,0,30,azpian
bas,0,30,azpian
bas,0,30,azpian
bas,0,30,azpian
bas,0,30,azpian
bas,0,30,azpian
bas,0,30,azpian
bas,0,30,azpian
bas,0,30,azpian
bas,0,30,azpian
bas,0,30,azpian
bas,0,30,azpian
bas,0,30,azpian
bas,0,30,azpian
bas,0,30,azpian
bas,0,31,barruan
bas,0,31,barruan
bas,0,31,barruan
bas,0,31,barruan
bas,0,31,barruan
bas,0,31,barruan
bas,0,31,barruan
bas,0,31,barruan
bas,0,31,barruan
bas,0,31,barruan
bas,0,31,barruan
bas,0,31,barruan
bas,0,31,barruan
bas,0,31,barruan
bas,0,31,barruan
bas,0,32,gainean
bas,0,32,gainean
bas,0,33,gainean
bas,0,33,gainean
bas,0,33,gainean
bas,0,33,gainean
bas,0,33,gainean
bas,0,33,gainean
bas,0,33,gainean
bas,0,33,gainean
bas,0,33,gainean
bas,0,33,gainean
bas,0,33,gainean
bas,0,33,gainean
bas,0,33,gainean
bas,0,33,gainean
bas,0,33,gainean
bas,0,33,gainean
bas,0,33,gainean
bas,0,33,gainean
bas,0,33,gainean
bas,0,33,gainean
bas,0,33,gainean
bas,0,34,gainean
bas,0,35,gainean
bas,0,35,gainean
bas,0,35,gainean
bas,0,35,gainean
bas,0,35,gainean
bas,0,35,gainean
bas,0,35,gainean
bas,0,35,gainean
bas,0,35,gainean
bas,0,35,gainean
bas,0,35,gainean
bas,0,35,gainean
bas,0,35,gainean
bas,0,35,gainean
bas,0,35,gainean
bas,0,35,gainean
bas,0,35,gainean
bas,0,35,gainean
bas,0,35,gainean
bas,0,35,gainean
bas,0,35,gainean
bas,0,35,gainean
bas,0,35,gainean
bas,0,36,azpian
bas,0,36,azpian
bas,0,37,alboan
bas,0,37,alboan
bas,0,37,alboan
bas,0,37,alboan
bas,0,37,ondoan
bas,0,37,ondoan
bas,0,37,ondoan
bas,0,37,ondoan
bas,0,37,ondoan
bas,0,37,ondoan
bas,0,37,ondoan
bas,0,37,ondoan
bas,0,37,ondoan
bas,0,37,ondoan
bas,0,37,ondoan
bas,0,37,ondoan
bas,0,37,ondoan
bas,0,37,ondoan
bas,0,37,ondoan
bas,0,37,inguruan
bas,0,38,barruan
bas,0,38,barruan
bas,0,38,barruan
bas,0,39,gainean
bas,0,39,gainean
bas,0,39,gainean
bas,0,39,gainean
bas,0,39,gainean
bas,0,39,gainean
bas,0,39,gainean
bas,0,39,gainean
bas,0,39,gainean
bas,0,39,gainean
bas,0,39,gainean
bas,0,39,gainean
bas,0,39,gainean
bas,0,39,gainean
bas,0,39,gainean
bas,0,39,gainean
bas,0,39,gainean
bas,0,39,gainean
bas,0,39,gainean
bas,0,39,gainean
bas,0,39,gainean
bas,0,40,gainean
bas,0,41,inguruan
bas,0,41,inguruan
bas,0,42,gainean
bas,0,42,gainean
bas,0,42,gainean
bas,0,42,gainean
bas,0,42,gainean
bas,0,42,gainean
bas,0,42,gainean
bas,0,42,gainean
bas,0,42,alboan
bas,0,42,ondoan
bas,0,42,ondoan
bas,0,42,ondoan
bas,0,42,ondoan
bas,0,42,ondoan
bas,0,42,ondoan
bas,0,42,inguruan
bas,0,42,inguruan
bas,0,43,gainean
bas,0,45,gainean
bas,0,45,inguruan
bas,0,45,inguruan
bas,0,46,barruan
bas,0,46,barruan
bas,0,46,barruan
bas,0,46,barruan
bas,0,46,barruan
bas,0,46,barruan
bas,0,46,barruan
bas,0,46,barruan
bas,0,46,barruan
bas,0,46,barruan
bas,0,46,barruan
bas,0,46,barruan
bas,0,46,barruan
bas,0,46,barruan
bas,0,46,barruan
bas,0,46,barruan
bas,0,47,gainean
bas,0,48,alboan
bas,0,48,alboan
bas,0,48,ondoan
bas,0,48,ondoan
bas,0,48,ondoan
bas,0,48,ondoan
bas,0,48,ondoan
bas,0,48,aurrean
bas,0,48,aurrean
bas,0,48,aurrean
bas,0,48,aurrean
bas,0,48,aurrean
bas,0,48,aurrean
bas,0,48,aurrean
bas,0,48,aurrean
bas,0,48,aurrean
bas,0,48,aurrean
bas,0,48,aurrean
bas,0,48,aurrean
bas,0,48,aurrean
bas,0,48,aurrean
bas,0,48,aurrean
bas,0,49,gainean
bas,0,50,inguruan
bas,0,50,inguruan
bas,0,50,inguruan
bas,0,50,inguruan
bas,0,51,gainean
bas,0,52,azpian
bas,0,52,azpian
bas,0,52,azpian
bas,0,52,azpian
bas,0,52,azpian
bas,0,52,azpian
bas,0,52,azpian
bas,0,52,azpian
bas,0,52,azpian
bas,0,52,azpian
bas,0,53,barruan
bas,0,53,barruan
bas,0,53,barruan
bas,0,53,barruan
bas,0,53,barruan
bas,0,53,barruan
bas,0,53,barruan
bas,0,53,barruan
bas,0,53,barruan
bas,0,53,barruan
bas,0,53,barruan
bas,0,53,barruan
bas,0,53,barruan
bas,0,53,barruan
bas,0,53,barruan
bas,0,53,barruan
bas,0,53,barruan
bas,0,54,inguruan
bas,0,54,inguruan
bas,0,54,inguruan
bas,0,54,inguruan
bas,0,54,inguruan
bas,0,54,inguruan
bas,0,54,inguruan
bas,0,54,inguruan
bas,0,54,inguruan
bas,0,54,inguruan
bas,0,54,inguruan
bas,0,54,inguruan
bas,0,54,inguruan
bas,0,56,barruan
bas,0,56,azpian
bas,0,56,azpian
bas,0,57,gainean
bas,0,57,ondoan
bas,0,58,barruan
bas,0,58,gainean
bas,0,58,gainean
bas,0,58,gainean
bas,0,58,gainean
bas,0,58,gainean
bas,0,58,gainean
bas,0,58,gainean
bas,0,58,gainean
bas,0,58,gainean
bas,0,58,gainean
bas,0,58,gainean
bas,0,58,gainean
bas,0,58,gainean
bas,0,58,gainean
bas,0,58,gainean
bas,0,58,gainean
bas,0,58,gainean
bas,0,58,gainean
bas,0,58,gainean
bas,0,58,gainean
bas,0,58,gainean
bas,0,58,gainean
bas,0,58,gainean
bas,0,58,gainean
bas,0,59,barruan
bas,0,59,barruan
bas,0,59,barruan
bas,0,59,barruan
bas,0,59,barruan
bas,0,59,barruan
bas,0,59,barruan
bas,0,59,barruan
bas,0,59,barruan
bas,0,59,barruan
bas,0,59,barruan
bas,0,59,barruan
bas,0,59,barruan
bas,0,59,barruan
bas,0,59,barruan
bas,0,59,barruan
bas,0,59,barruan
bas,0,59,barruan
bas,0,59,barnean
bas,0,59,barnean
bas,0,59,barnean
bas,0,59,barnean
bas,0,59,erdian
bas,0,60,gainean
bas,0,60,erdian
bas,0,60,erdian
bas,0,60,aurrean
bas,0,61,barruan
bas,0,61,barruan
bas,0,61,gainean
bas,0,61,gainean
bas,0,61,gainean
bas,0,61,gainean
bas,0,62,azpian
bas,0,62,azpian
bas,0,63,ondoan
bas,0,63,atzean
bas,0,63,atzean
bas,0,63,atzean
bas,0,63,atzean
bas,0,63,atzean
bas,0,63,atzean
bas,0,63,atzean
bas,0,63,atzean
bas,0,63,atzean
bas,0,63,atzean
bas,0,63,atzean
bas,0,63,atzean
bas,0,63,atzean
bas,0,63,atzean
bas,0,63,atzean
bas,0,63,atzean
bas,0,63,atzean
bas,0,63,atzean
bas,0,63,atzean
bas,0,63,atzean
bas,0,63,atzean
bas,0,63,atzean
bas,0,63,atzean
bas,0,63,atzean
bas,0,63,atzean
bas,0,64,gainean
bas,0,64,gainean
bas,0,64,gainean
bas,0,64,gainean
bas,0,64,gainean
bas,0,65,barruan
bas,0,65,alboan
bas,0,65,ondoan
bas,0,66,barruan
bas,0,66,barruan
bas,0,66,barruan
bas,0,66,barruan
bas,0,66,barruan
bas,0,66,barruan
bas,0,66,barruan
bas,0,66,barruan
bas,0,66,barruan
bas,0,66,barruan
bas,0,66,barruan
bas,0,66,barruan
bas,0,66,barruan
bas,0,66,barruan
bas,0,66,barruan
bas,0,66,erdian
bas,0,67,barruan
bas,0,67,gainean
bas,0,67,gainean
bas,0,67,erdian
bas,0,67,aurrean
bas,0,67,aurrean
bas,0,67,aurrean
bas,0,67,aurrean
bas,0,67,aurrean
bas,0,67,aurrean
bas,0,68,barruan
bas,0,69,barruan
bas,0,69,inguruan
bas,0,70,barruan
bas,0,70,barruan
bas,0,70,barruan
bas,0,70,barruan
bas,0,70,barruan
bas,0,70,barruan
bas,0,70,barruan
bas,0,70,barruan
bas,0,70,barruan
bas,0,70,barruan
bas,0,70,barruan
bas,0,70,barruan
bas,0,70,barruan
bas,0,70,barruan
bas,0,70,barruan
bas,0,70,barruan
bas,0,70,barruan
bas,0,70,barruan
bas,0,70,barruan
bas,0,70,barruan
bas,0,70,barruan
dut,0,0,op
dut,0,0,op
dut,0,0,op
dut,0,0,op
dut,0,0,op
dut,0,0,op
dut,0,0,op
dut,0,0,op
dut,0,0,op
dut,0,0,op
dut,0,1,in
dut,0,1,in
dut,0,1,in
dut,0,1,in
dut,0,1,in
dut,0,1,in
dut,0,1,in
dut,0,1,in
dut,0,1,in
dut,0,1,in
dut,0,2,in
dut,0,2,op
dut,0,2,op
dut,0,2,op
dut,0,2,op
dut,0,2,op
dut,0,2,op
dut,0,2,op
dut,0,2,op
dut,0,2,op
dut,0,2,op
dut,0,3,om
dut,0,3,om
dut,0,3,om
dut,0,3,om
dut,0,3,om
dut,0,3,om
dut,0,3,om
dut,0,3,om
dut,0,3,om
dut,0,3,rond
dut,0,3,rond
dut,0,3,rond
dut,0,3,rond
dut,0,4,op
dut,0,4,op
dut,0,4,op
dut,0,4,op
dut,0,4,op
dut,0,4,op
dut,0,4,op
dut,0,4,op
dut,0,4,op
dut,0,4,op
dut,0,5,naast
dut,0,5,naast
dut,0,5,naast
dut,0,5,naast
dut,0,5,naast
dut,0,5,naast
dut,0,5,naast
dut,0,5,naast
dut,0,5,naast
dut,0,5,naast
dut,0,6,aan
dut,0,6,aan
dut,0,6,aan
dut,0,6,aan
dut,0,6,op
dut,0,6,op
dut,0,6,op
dut,0,6,op
dut,0,6,op
dut,0,6,op
dut,0,6,op
dut,0,6,op
dut,0,6,tegen
dut,0,6,tegen
dut,0,6,over
dut,0,7,op
dut,0,7,op
dut,0,7,op
dut,0,7,op
dut,0,7,op
dut,0,7,op
dut,0,7,op
dut,0,7,op
dut,0,7,op
dut,0,7,op
dut,0,8,aan
dut,0,8,aan
dut,0,8,aan
dut,0,8,aan
dut,0,8,aan
dut,0,8,aan
dut,0,8,aan
dut,0,8,aan
dut,0,8,aan
dut,0,8,aan
dut,0,9,aan
dut,0,9,aan
dut,0,9,aan
dut,0,9,aan
dut,0,9,aan
dut,0,9,aan
dut,0,9,aan
dut,0,9,om
dut,0,9,om
dut,0,9,om
dut,0,9,om
dut,0,9,om
dut,0,9,om
dut,0,9,om
dut,0,9,om
dut,0,9,rond
dut,0,10,in
dut,0,10,in
dut,0,10,in
dut,0,10,in
dut,0,10,in
dut,0,10,in
dut,0,10,in
dut,0,10,in
dut,0,10,op
dut,0,10,op
dut,0,10,op
dut,0,10,op
dut,0,10,op
dut,0,10,op
dut,0,10,op
dut,0,10,op
dut,0,10,op
dut,0,10,op
dut,0,11,aan
dut,0,11,aan
dut,0,11,aan
dut,0,11,aan
dut,0,11,aan
dut,0,11,aan
dut,0,11,aan
dut,0,11,aan
dut,0,11,aan
dut,0,11,aan
dut,0,11,op
dut,0,11,op
dut,0,11,op
dut,0,11,op
dut,0,11,op
dut,0,11,op
dut,0,11,op
dut,0,11,op
dut,0,11,op
dut,0,12,boven
dut,0,12,boven
dut,0,12,boven
dut,0,12,boven
dut,0,12,boven
dut,0,12,boven
dut,0,12,boven
dut,0,12,boven
dut,0,12,boven
dut,0,12,boven
dut,0,13,in
dut,0,13,in
dut,0,13,in
dut,0,13,in
dut,0,13,in
dut,0,13,in
dut,0,13,in
dut,0,13,in
dut,0,13,in
dut,0,13,in
dut,0,14,om
dut,0,14,om
dut,0,14,om
dut,0,14,om
dut,0,14,om
dut,0,14,om
dut,0,14,om
dut,0,14,rond
dut,0,14,rond
dut,0,14,rond
dut,0,14,rond
dut,0,14,rond
dut,0,15,onder
dut,0,15,onder
dut,0,15,onder
dut,0,15,onder
dut,0,15,onder
dut,0,15,onder
dut,0,15,onder
dut,0,15,onder
dut,0,15,onder
dut,0,15,onder
dut,0,16,op
dut,0,16,op
dut,0,16,op
dut,0,16,op
dut,0,16,tegen
dut,0,16,tegen
dut,0,16,tegen
dut,0,16,tegen
dut,0,16,tegen
dut,0,16,tegen
dut,0,17,in
dut,0,17,in
dut,0,17,in
dut,0,17,in
dut,0,17,in
dut,0,17,in
dut,0,17,in
dut,0,17,in
dut,0,17,in
dut,0,17,in
dut,0,18,in
dut,0,18,in
dut,0,18,in
dut,0,18,in
dut,0,18,in
dut,0,18,in
dut,0,18,in
dut,0,18,in
dut,0,18,in
dut,0,19,aan
dut,0,19,aan
dut,0,19,aan
dut,0,19,aan
dut,0,19,aan
dut,0,19,aan
dut,0,19,aan
dut,0,19,aan
dut,0,19,aan
dut,0,20,aan
dut,0,20,aan
dut,0,20,aan
dut,0,20,aan
dut,0,20,aan
dut,0,20,aan
dut,0,20,aan
dut,0,20,aan
dut,0,20,aan
dut,0,20,om
dut,0,20,om
dut,0,20,om
dut,0,20,om
dut,0,20,om
dut,0,20,om
dut,0,21,aan
dut,0,21,aan
dut,0,21,aan
dut,0,21,aan
dut,0,21,aan
dut,0,21,aan
dut,0,21,aan
dut,0,21,aan
dut,0,21,aan
dut,0,21,op
dut,0,21,op
dut,0,21,op
dut,0,21,op
dut,0,21,op
dut,0,21,om
dut,0,21,om
dut,0,21,door
dut,0,21,door
dut,0,22,op
dut,0,22,op
dut,0,22,op
dut,0,22,op
dut,0,22,op
dut,0,22,op
dut,0,22,op
dut,0,22,op
dut,0,22,op
dut,0,22,op
dut,0,23,onder
dut,0,23,onder
dut,0,23,onder
dut,0,23,onder
dut,0,23,onder
dut,0,23,onder
dut,0,23,onder
dut,0,23,onder
dut,0,23,onder
dut,0,23,onder
dut,0,24,aan
dut,0,24,aan
dut,0,24,aan
dut,0,24,aan
dut,0,24,aan
dut,0,24,aan
dut,0,24,aan
dut,0,24,aan
dut,0,24,aan
dut,0,24,aan
dut,0,24,tegen
dut,0,24,tegen
dut,0,25,in
dut,0,25,in
dut,0,25,in
dut,0,25,in
dut,0,25,in
dut,0,25,in
dut,0,25,in
dut,0,25,in
dut,0,25,in
dut,0,25,in
dut,0,25,aan
dut,0,25,aan
dut,0,25,over
dut,0,25,over
dut,0,26,aan
dut,0,26,aan
dut,0,26,aan
dut,0,26,aan
dut,0,26,aan
dut,0,26,aan
dut,0,26,aan
dut,0,26,aan
dut,0,26,aan
dut,0,27,op
dut,0,27,op
dut,0,27,op
dut,0,27,op
dut,0,27,op
dut,0,27,op
dut,0,27,op
dut,0,27,op
dut,0,27,op
dut,0,27,op
dut,0,28,op
dut,0,28,op
dut,0,28,op
dut,0,28,op
dut,0,28,op
dut,0,28,op
dut,0,28,op
dut,0,28,op
dut,0,28,over
dut,0,28,over
dut,0,28,over
dut,0,28,over
dut,0,28,over
dut,0,28,over
dut,0,28,over
dut,0,28,over
dut,0,29,door
dut,0,29,door
dut,0,29,door
dut,0,29,door
dut,0,29,door
dut,0,29,door
dut,0,29,door
dut,0,29,door
dut,0,29,door
dut,0,30,onder
dut,0,30,onder
dut,0,30,onder
dut,0,30,onder
dut,0,30,onder
dut,0,30,onder
dut,0,30,onder
dut,0,30,onder
dut,0,30,onder
dut,0,30,onder
dut,0,31,in
dut,0,31,in
dut,0,31,in
dut,0,31,in
dut,0,31,in
dut,0,31,in
dut,0,31,in
dut,0,31,in
dut,0,31,in
dut,0,31,in
dut,0,32,aan
dut,0,32,aan
dut,0,32,aan
dut,0,32,aan
dut,0,32,aan
dut,0,32,aan
dut,0,32,aan
dut,0,32,aan
dut,0,32,aan
dut,0,32,aan
dut,0,32,op
dut,0,33,op
dut,0,33,op
dut,0,33,op
dut,0,33,op
dut,0,33,op
dut,0,33,op
dut,0,33,op
dut,0,33,op
dut,0,33,op
dut,0,33,op
dut,0,34,aan
dut,0,34,aan
dut,0,34,aan
dut,0,34,aan
dut,0,34,aan
dut,0,34,aan
dut,0,34,op
dut,0,34,op
dut,0,34,op
dut,0,34,op
dut,0,34,op
dut,0,34,op
dut,0,34,op
dut,0,34,op
dut,0,34,op
dut,0,34,om
dut,0,34,tegen
dut,0,34,tegen
dut,0,35,boven
dut,0,35,boven
dut,0,35,boven
dut,0,35,boven
dut,0,35,boven
dut,0,35,boven
dut,0,35,boven
dut,0,35,boven
dut,0,35,boven
dut,0,35,boven
dut,0,36,aan
dut,0,36,aan
dut,0,36,aan
dut,0,36,aan
dut,0,36,aan
dut,0,36,aan
dut,0,36,aan
dut,0,36,aan
dut,0,36,aan
dut,0,36,aan
dut,0,37,naast
dut,0,37,naast
dut,0,37,naast
dut,0,37,naast
dut,0,37,naast
dut,0,37,naast
dut,0,37,naast
dut,0,37,naast
dut,0,37,naast
dut,0,37,naast
dut,0,38,in
dut,0,38,in
dut,0,38,in
dut,0,38,in
dut,0,38,in
dut,0,38,in
dut,0,38,in
dut,0,38,in
dut,0,38,in
dut,0,38,aan
dut,0,38,aan
dut,0,39,op
dut,0,39,op
dut,0,39,op
dut,0,39,op
dut,0,39,op
dut,0,39,op
dut,0,39,op
dut,0,39,op
dut,0,39,op
dut,0,39,op
dut,0,40,aan
dut,0,40,aan
dut,0,40,aan
dut,0,40,aan
dut,0,40,aan
dut,0,40,aan
dut,0,40,aan
dut,0,40,aan
dut,0,40,aan
dut,0,41,om
dut,0,41,om
dut,0,41,om
dut,0,41,om
dut,0,41,om
dut,0,41,om
dut,0,41,om
dut,0,41,om
dut,0,41,om
dut,0,41,om
dut,0,41,rond
dut,0,41,rond
dut,0,41,rond
dut,0,41,rond
dut,0,41,rond
dut,0,41,rond
dut,0,41,rond
dut,0,42,op
dut,0,42,op
dut,0,42,op
dut,0,42,over
dut,0,42,over
dut,0,42,over
dut,0,42,over
dut,0,42,over
dut,0,42,over
dut,0,42,over
dut,0,42,over
dut,0,42,over
dut,0,43,in
dut,0,43,aan
dut,0,43,aan
dut,0,43,aan
dut,0,43,aan
dut,0,43,aan
dut,0,43,aan
dut,0,43,aan
dut,0,43,aan
dut,0,43,aan
dut,0,43,aan
dut,0,43,tegen
dut,0,43,tegen
dut,0,44,in
dut,0,44,in
dut,0,44,in
dut,0,44,in
dut,0,44,aan
dut,0,44,aan
dut,0,44,aan
dut,0,44,aan
dut,0,44,aan
dut,0,44,aan
dut,0,44,aan
dut,0,44,aan
dut,0,44,aan
dut,0,45,aan
dut,0,45,om
dut,0,45,om
dut,0,45,om
dut,0,45,om
dut,0,45,om
dut,0,45,om
dut,0,45,om
dut,0,45,om
dut,0,45,om
dut,0,45,rond
dut,0,45,rond
dut,0,45,rond
dut,0,45,rond
dut,0,46,in
dut,0,46,in
dut,0,46,in
dut,0,46,in
dut,0,46,in
dut,0,46,in
dut,0,46,in
dut,0,46,in
dut,0,46,in
dut,0,46,in
dut,0,47,op
dut,0,47,op
dut,0,47,op
dut,0,47,op
dut,0,47,op
dut,0,47,op
dut,0,47,op
dut,0,47,op
dut,0,47,tegen
dut,0,47,tegen
dut,0,47,tegen
dut,0,47,tegen
dut,0,47,tegen
dut,0,47,tegen
dut,0,47,achter
dut,0,48,voor
dut,0,48,voor
dut,0,48,voor
dut,0,48,voor
dut,0,48,voor
dut,0,48,voor
dut,0,48,voor
dut,0,48,naast
dut,0,48,naast
dut,0,48,naast
dut,0,49,in
dut,0,49,in
dut,0,49,in
dut,0,49,aan
dut,0,49,aan
dut,0,49,aan
dut,0,49,aan
dut,0,49,aan
dut,0,49,aan
dut,0,49,aan
dut,0,49,aan
dut,0,49,aan
dut,0,49,op
dut,0,49,op
dut,0,49,tegen
dut,0,49,tegen
dut,0,49,tegen
dut,0,49,tegen
dut,0,49,tegen
dut,0,50,om
dut,0,50,om
dut,0,50,om
dut,0,50,om
dut,0,50,om
dut,0,50,om
dut,0,50,om
dut,0,50,om
dut,0,50,om
dut,0,50,om
dut,0,50,rond
dut,0,50,rond
dut,0,50,rond
dut,0,51,aan
dut,0,51,aan
dut,0,51,aan
dut,0,51,aan
dut,0,51,aan
dut,0,51,aan
dut,0,51,op
dut,0,51,op
dut,0,51,op
dut,0,51,op
dut,0,51,op
dut,0,51,op
dut,0,51,op
dut,0,51,op
dut,0,51,tegen
dut,0,51,tegen
dut,0,51,tegen
dut,0,51,tegen
dut,0,51,tegen
dut,0,51,tegen
dut,0,51,tegen
dut,0,51,tegen
dut,0,52,aan
dut,0,52,onder
dut,0,52,onder
dut,0,52,onder
dut,0,52,onder
dut,0,52,onder
dut,0,52,onder
dut,0,52,onder
dut,0,52,onder
dut,0,53,in
dut,0,53,in
dut,0,53,in
dut,0,53,in
dut,0,53,in
dut,0,53,in
dut,0,53,in
dut,0,53,in
dut,0,53,in
dut,0,53,in
dut,0,54,om
dut,0,54,om
dut,0,54,om
dut,0,54,om
dut,0,54,om
dut,0,54,om
dut,0,54,rond
dut,0,54,rond
dut,0,54,rond
dut,0,55,in
dut,0,55,in
dut,0,55,aan
dut,0,55,aan
dut,0,55,aan
dut,0,55,aan
dut,0,55,aan
dut,0,55,aan
dut,0,55,aan
dut,0,55,aan
dut,0,55,aan
dut,0,55,aan
dut,0,56,aan
dut,0,56,aan
dut,0,56,aan
dut,0,56,aan
dut,0,56,aan
dut,0,56,aan
dut,0,56,aan
dut,0,56,aan
dut,0,56,aan
dut,0,57,tegen
dut,0,57,tegen
dut,0,57,tegen
dut,0,57,tegen
dut,0,57,tegen
dut,0,57,tegen
dut,0,57,tegen
dut,0,57,tegen
dut,0,57,tegen
dut,0,57,tegen
dut,0,58,op
dut,0,58,op
dut,0,58,op
dut,0,58,op
dut,0,58,op
dut,0,58,op
dut,0,58,op
dut,0,58,op
dut,0,58,op
dut,0,58,op
dut,0,59,in
dut,0,59,in
dut,0,59,in
dut,0,59,binnen
dut,0,59,binnen
dut,0,59,binnen
dut,0,59,binnen
dut,0,59,binnen
dut,0,59,binnen
dut,0,59,binnen
dut,0,59,binnen
dut,0,59,door
dut,0,60,aan
dut,0,60,aan
dut,0,60,aan
dut,0,60,aan
dut,0,60,aan
dut,0,60,aan
dut,0,60,aan
dut,0,60,aan
dut,0,60,aan
dut,0,60,aan
dut,0,60,op
dut,0,60,op
dut,0,60,op
dut,0,60,op
dut,0,61,in
dut,0,61,in
dut,0,61,in
dut,0,61,in
dut,0,61,in
dut,0,61,in
dut,0,61,op
dut,0,61,op
dut,0,61,op
dut,0,61,op
dut,0,61,op
dut,0,62,aan
dut,0,62,aan
dut,0,62,aan
dut,0,62,aan
dut,0,62,aan
dut,0,62,aan
dut,0,62,aan
dut,0,62,aan
dut,0,62,aan
dut,0,62,aan
dut,0,63,achter
dut,0,63,achter
dut,0,63,achter
dut,0,63,achter
dut,0,63,achter
dut,0,63,achter
dut,0,63,achter
dut,0,63,achter
dut,0,63,achter
dut,0,63,achter
dut,0,64,op
dut,0,64,op
dut,0,64,op
dut,0,64,op
dut,0,64,op
dut,0,64,op
dut,0,64,op
dut,0,64,op
dut,0,64,op
dut,0,65,aan
dut,0,65,aan
dut,0,65,aan
dut,0,65,aan
dut,0,65,aan
dut,0,65,aan
dut,0,65,aan
dut,0,65,aan
dut,0,65,aan
dut,0,65,aan
dut,0,66,in
dut,0,66,in
dut,0,66,in
dut,0,66,in
dut,0,66,in
dut,0,66,in
dut,0,66,in
dut,0,66,in
dut,0,66,in
dut,0,66,in
dut,0,67,op
dut,0,67,op
dut,0,67,op
dut,0,67,op
dut,0,67,op
dut,0,67,op
dut,0,67,op
dut,0,67,op
dut,0,67,op
dut,0,67,op
dut,0,68,in
dut,0,68,in
dut,0,68,in
dut,0,68,in
dut,0,68,in
dut,0,68,in
dut,0,68,in
dut,0,68,aan
dut,0,68,aan
dut,0,68,aan
dut,0,68,aan
dut,0,68,aan
dut,0,68,door
dut,0,68,door
dut,0,68,door
dut,0,68,door
dut,0,68,door
dut,0,68,door
dut,0,69,aan
dut,0,69,aan
dut,0,69,aan
dut,0,69,aan
dut,0,69,aan
dut,0,69,aan
dut,0,69,aan
dut,0,69,aan
dut,0,69,aan
dut,0,69,aan
dut,0,69,op
dut,0,69,op
dut,0,69,om
dut,0,69,door
dut,0,70,in
dut,0,70,in
dut,0,70,in
dut,0,70,in
dut,0,70,in
dut,0,70,in
dut,0,70,in
dut,0,70,in
dut,0,70,in
dut,0,70,in
ewe,0,0,dzí
ewe,0,1,me
ewe,0,2,dzí
ewe,0,5,gbɔ
ewe,0,5,xa
ewe,0,6,nú(tí)
ewe,0,7,dzí
ewe,0,8,nú(tí)
ewe,0,10,dzí
ewe,0,11,nú(tí)
ewe,0,13,me
ewe,0,14,nú(tí)
ewe,0,15,té
ewe,0,16,xa
ewe,0,17,me
ewe,0,19,nú(tí)
ewe,0,21,nú(tí)
ewe,0,23,té
ewe,0,24,nú(tí)
ewe,0,25,nú(tí)
ewe,0,26,dzí
ewe,0,27,dzí
ewe,0,28,dzí
ewe,0,29,me
ewe,0,30,té
ewe,0,31,me
ewe,0,32,dzí
ewe,0,32,nú(tí)
ewe,0,33,tame
ewe,0,35,tame
ewe,0,36,dzí
ewe,0,37,gbɔ
ewe,0,37,xa
ewe,0,39,dzí
ewe,0,40,dzí
ewe,0,40,nú(tí)
ewe,0,42,tame
ewe,0,43,nú(tí)
ewe,0,44,dzí
ewe,0,46,me
ewe,0,48,gbɔ
ewe,0,48,xa
ewe,0,49,nú(tí)
ewe,0,51,nú(tí)
ewe,0,52,té
ewe,0,53,me
ewe,0,55,nú(tí)
ewe,0,56,nú(tí)
ewe,0,57,nú(tí)
ewe,0,58,dzí
ewe,0,58,tame
ewe,0,59,me
ewe,0,60,nú(tí)
ewe,0,61,nu
ewe,0,62,nú(tí)
ewe,0,63,xa
ewe,0,63,gódo
ewe,0,64,dzí
ewe,0,64,tame
ewe,0,66,me
ewe,0,66,tome
ewe,0,67,dzí
ewe,0,67,nú(tí)
ewe,0,67,me
ewe,0,69,nú(tí)
ewe,0,70,me
ger,0,0,auf
ger,0,0,auf
ger,0,0,auf
ger,0,0,auf
ger,0,0,auf
ger,0,1,in
ger,0,1,in
ger,0,1,in
ger,0,1,in
ger,0,1,in
ger,0,2,auf
ger,0,2,auf
ger,0,2,auf
ger,0,2,auf
ger,0,2,auf
ger,0,3,an
ger,0,3,an
ger,0,3,an
ger,0,3,um
ger,0,3,um
ger,0,3,um
ger,0,4,auf
ger,0,4,auf
ger,0,4,auf
ger,0,4,auf
ger,0,4,auf
ger,0,5,vor
ger,0,5,neben
ger,0,5,neben
ger,0,5,neben
ger,0,5,neben
ger,0,6,an
ger,0,6,an
ger,0,6,an
ger,0,6,an
ger,0,6,unter
ger,0,7,auf
ger,0,7,auf
ger,0,7,auf
ger,0,7,auf
ger,0,7,auf
ger,0,8,an
ger,0,8,an
ger,0,8,an
ger,0,8,an
ger,0,8,an
ger,0,9,an
ger,0,9,an
ger,0,9,auf
ger,0,9,auf
ger,0,9,auf
ger,0,10,in
ger,0,10,in
ger,0,10,in
ger,0,10,auf
ger,0,10,auf
ger,0,11,an
ger,0,11,an
ger,0,11,an
ger,0,11,an
ger,0,11,auf
ger,0,11,auf
ger,0,12,über
ger,0,12,über
ger,0,12,über
ger,0,13,in
ger,0,13,in
ger,0,13,in
ger,0,13,in
ger,0,13,in
ger,0,14,um
ger,0,14,um
ger,0,14,um
ger,0,14,um
ger,0,14,um
ger,0,15,unter
ger,0,15,unter
ger,0,15,unter
ger,0,15,unter
ger,0,15,unter
ger,0,16,an
ger,0,16,an
ger,0,16,an
ger,0,16,an
ger,0,16,auf
ger,0,17,in
ger,0,17,in
ger,0,17,in
ger,0,17,in
ger,0,17,in
ger,0,18,in
ger,0,19,an
ger,0,19,an
ger,0,19,an
ger,0,19,an
ger,0,19,an
ger,0,20,an
ger,0,20,an
ger,0,20,an
ger,0,20,an
ger,0,20,an
ger,0,21,an
ger,0,21,an
ger,0,21,auf
ger,0,21,auf
ger,0,21,auf
ger,0,22,auf
ger,0,22,auf
ger,0,22,auf
ger,0,22,auf
ger,0,22,auf
ger,0,23,unter
ger,0,23,unter
ger,0,23,unter
ger,0,23,unter
ger,0,23,unter
ger,0,24,an
ger,0,24,an
ger,0,24,an
ger,0,24,an
ger,0,24,an
ger,0,25,in
ger,0,25,in
ger,0,25,in
ger,0,25,in
ger,0,25,in
ger,0,26,an
ger,0,26,an
ger,0,26,an
ger,0,26,an
ger,0,26,an
ger,0,27,auf
ger,0,27,auf
ger,0,27,auf
ger,0,27,auf
ger,0,27,auf
ger,0,28,auf
ger,0,28,auf
ger,0,28,auf
ger,0,28,auf
ger,0,28,auf
ger,0,29,in
ger,0,29,in
ger,0,29,in
ger,0,29,in
ger,0,29,in
ger,0,30,unter
ger,0,30,unter
ger,0,30,unter
ger,0,30,unter
ger,0,30,unter
ger,0,31,in
ger,0,31,in
ger,0,31,in
ger,0,31,in
ger,0,31,in
ger,0,32,an
ger,0,32,an
ger,0,32,an
ger,0,32,auf
ger,0,32,auf
ger,0,33,auf
ger,0,33,auf
ger,0,33,auf
ger,0,33,auf
ger,0,33,auf
ger,0,34,an
ger,0,34,an
ger,0,34,an
ger,0,34,an
ger,0,34,auf
ger,0,35,über
ger,0,35,über
ger,0,35,über
ger,0,35,über
ger,0,36,an
ger,0,36,an
ger,0,36,an
ger,0,36,an
ger,0,36,an
ger,0,37,an
ger,0,37,an
ger,0,37,neben
ger,0,37,neben
ger,0,37,neben
ger,0,38,in
ger,0,38,in
ger,0,38,in
ger,0,38,in
ger,0,38,in
ger,0,39,auf
ger,0,39,auf
ger,0,39,auf
ger,0,39,auf
ger,0,39,auf
ger,0,40,an
ger,0,40,an
ger,0,40,an
ger,0,40,an
ger,0,40,an
ger,0,41,an
ger,0,41,um
ger,0,41,um
ger,0,41,um
ger,0,41,um
ger,0,42,auf
ger,0,42,auf
ger,0,42,über
ger,0,42,über
ger,0,42,über
ger,0,43,an
ger,0,43,an
ger,0,43,an
ger,0,43,an
ger,0,43,an
ger,0,44,an
ger,0,44,an
ger,0,44,an
ger,0,44,an
ger,0,44,an
ger,0,45,an
ger,0,45,an
ger,0,45,an
ger,0,45,an
ger,0,45,um
ger,0,46,in
ger,0,46,in
ger,0,46,in
ger,0,46,in
ger,0,46,in
ger,0,47,an
ger,0,47,auf
ger,0,47,auf
ger,0,47,auf
ger,0,47,ausserhalb
ger,0,48,an
ger,0,48,vor
ger,0,48,vor
ger,0,48,neben
ger,0,48,neben
ger,0,49,in
ger,0,49,an
ger,0,49,an
ger,0,49,an
ger,0,49,an
ger,0,50,an
ger,0,50,an
ger,0,50,um
ger,0,50,um
ger,0,50,um
ger,0,51,an
ger,0,51,an
ger,0,51,an
ger,0,51,an
ger,0,51,auf
ger,0,52,unter
ger,0,52,unter
ger,0,52,unter
ger,0,52,unter
ger,0,52,unter
ger,0,53,in
ger,0,53,in
ger,0,53,in
ger,0,53,in
ger,0,53,in
ger,0,54,um
ger,0,54,um
ger,0,54,um
ger,0,54,um
ger,0,54,um
ger,0,55,an
ger,0,55,an
ger,0,55,an
ger,0,55,an
ger,0,56,an
ger,0,56,an
ger,0,56,an
ger,0,56,an
ger,0,56,an
ger,0,57,an
ger,0,57,an
ger,0,57,an
ger,0,57,an
ger,0,57,an
ger,0,58,auf
ger,0,58,auf
ger,0,58,auf
ger,0,58,auf
ger,0,58,auf
ger,0,59,in
ger,0,59,in
ger,0,59,in
ger,0,59,in
ger,0,59,innerhalb
ger,0,60,an
ger,0,60,an
ger,0,60,an
ger,0,60,an
ger,0,60,auf
ger,0,61,in
ger,0,61,in
ger,0,61,in
ger,0,61,in
ger,0,61,in
ger,0,62,an
ger,0,62,an
ger,0,62,an
ger,0,62,an
ger,0,62,an
ger,0,63,hinter
ger,0,63,hinter
ger,0,63,hinter
ger,0,63,hinter
ger,0,63,hinter
ger,0,64,auf
ger,0,64,auf
ger,0,64,auf
ger,0,64,auf
ger,0,64,auf
ger,0,65,an
ger,0,65,an
ger,0,65,an
ger,0,65,an
ger,0,65,an
ger,0,66,in
ger,0,66,in
ger,0,66,in
ger,0,66,in
ger,0,66,in
ger,0,67,auf
ger,0,67,auf
ger,0,67,auf
ger,0,67,auf
ger,0,67,auf
ger,0,68,in
ger,0,68,in
ger,0,68,in
ger,0,68,an
ger,0,68,an
ger,0,68,an
ger,0,69,auf
ger,0,69,auf
ger,0,69,auf
ger,0,69,auf
ger,0,69,auf
ger,0,70,in
ger,0,70,in
ger,0,70,in
ger,0,70,in
ger,0,70,in
lao,0,0,theng2
lao,0,0,theng2
lao,0,0,theng2
lao,0,1,naj2
lao,0,1,naj2
lao,0,1,naj2
lao,0,2,naj2
lao,0,2,naa5
lao,0,2,naa5
lao,0,2,cèè3
lao,0,3,kaang3
lao,0,3,kaang3
lao,0,3,qòòm4
lao,0,4,theng2
lao,0,4,theng2
lao,0,5,khaang5
lao,0,5,nòòk4
lao,0,5,nòòk4
lao,0,5,pèq2
lao,0,6,theng2
lao,0,6,theng2
lao,0,7,theng2
lao,0,7,theng2
lao,0,7,naa5
lao,0,9,naj2
lao,0,10,theng2
lao,0,10,theng2
lao,0,10,naa5
lao,0,10,kaang3
lao,0,11,paaj3
lao,0,12,theng2
lao,0,12,nùa3
lao,0,12,nùa3
lao,0,13,naj2
lao,0,13,naj2
lao,0,13,theng2
lao,0,13,faa3
lao,0,14,qòòm4
lao,0,14,qòòm4
lao,0,14,qòòm4
lao,0,15,kòòng4
lao,0,15,kòòng4
lao,0,15,kòòng4
lao,0,16,kaang3
lao,0,16,tiin3
lao,0,17,naj2
lao,0,17,kaang3
lao,0,18,naj2
lao,0,18,naj2
lao,0,18,naj2
lao,0,18,theng2
lao,0,19,paaj3
lao,0,19,paaj3
lao,0,19,paaj3
lao,0,21,naj2
lao,0,22,theng2
lao,0,22,theng2
lao,0,22,theng2
lao,0,23,kòòng4
lao,0,23,kòòng4
lao,0,23,kòòng4
lao,0,24,pèq2
lao,0,25,khaang5
lao,0,25,khaang5
lao,0,25,khaang5
lao,0,26,naj2
lao,0,26,theng2
lao,0,27,naj2
lao,0,27,naj2
lao,0,28,theng2
lao,0,29,naj2
lao,0,30,kòòng4
lao,0,30,kòòng4
lao,0,30,kòòng4
lao,0,31,naj2
lao,0,31,naj2
lao,0,31,naj2
lao,0,33,theng2
lao,0,33,theng2
lao,0,33,theng2
lao,0,34,naa5
lao,0,35,theng2
lao,0,35,theng2
lao,0,35,theng2
lao,0,35,nùa3
lao,0,37,khaang5
lao,0,37,khaang5
lao,0,37,khaang5
lao,0,39,naj2
lao,0,39,theng2
lao,0,39,theng2
lao,0,40,theng2
lao,0,42,theng2
lao,0,44,naj2
lao,0,44,theng2
lao,0,44,theng2
lao,0,45,qòòm4
lao,0,46,naj2
lao,0,46,theng2
lao,0,47,nòòk4
lao,0,48,khaang5
lao,0,48,khaang5
lao,0,48,khaang5
lao,0,52,kòòng4
lao,0,52,kòòng4
lao,0,52,kòòng4
lao,0,53,naj2
lao,0,53,naj2
lao,0,53,naj2
lao,0,54,qòòm4
lao,0,55,theng2
lao,0,55,paaj3
lao,0,55,paaj3
lao,0,56,naj2
lao,0,58,theng2
lao,0,58,naa5
lao,0,58,naa5
lao,0,58,naa5
lao,0,59,naj2
lao,0,59,naj2
lao,0,59,naj2
lao,0,60,faa3
lao,0,60,faa3
lao,0,60,faa3
lao,0,61,naj2
lao,0,62,naj2
lao,0,63,lang3
lao,0,63,lang3
lao,0,63,lang3
lao,0,64,theng2
lao,0,64,theng2
lao,0,66,naj2
lao,0,66,naj2
lao,0,66,naj2
lao,0,69,theng2
lao,0,70,naj2
lao,0,70,naj2
lao,0,70,naj2
lav,0,0,tat
lav,0,1,o-koli-n
lav,0,2,o-koli-n
lav,0,5,o-rarava-n
lav,0,6,lain
lav,0,6,o-rarava-n
lav,0,10,o-foto-n
lav,0,12,hal
lav,0,13,o-koli-n
lav,0,14,o-koli-n
lav,0,15,umu
lav,0,16,lain
lav,0,18,o-koli-n
lav,0,19,o-kora-n
lav,0,22,tat
lav,0,23,umu
lav,0,30,umu
lav,0,31,o-koli-n
lav,0,33,lain
lav,0,35,hal
lav,0,37,o-rarava-n
lav,0,37,kelei
lav,0,39,tat
lav,0,42,tat
lav,0,43,lain
lav,0,46,o-koli-n
lav,0,48,o-rarava-n
lav,0,53,o-koli-n
lav,0,55,lain
lav,0,59,o-koli-n
lav,0,63,o-vulima-n
lav,0,64,lain
lav,0,67,o-femi-n
lav,0,70,fain
rus,0,0,na
rus,0,1,v
rus,0,1,vnutri
rus,0,2,na
rus,0,3,na
rus,0,4,na
rus,0,5,vozle
rus,0,5,u
rus,0,6,na
rus,0,7,na
rus,0,8,na
rus,0,9,na
rus,0,10,na
rus,0,11,na
rus,0,12,nad
rus,0,13,v
rus,0,14,vokrug
rus,0,15,pod
rus,0,16,na
rus,0,17,na
rus,0,18,v
rus,0,19,na
rus,0,20,na
rus,0,21,na
rus,0,22,na
rus,0,23,pod
rus,0,24,na
rus,0,25,na
rus,0,26,na
rus,0,27,na
rus,0,28,na
rus,0,29,v
rus,0,30,pod
rus,0,31,v
rus,0,32,na
rus,0,33,na
rus,0,34,na
rus,0,35,nad
rus,0,36,na
rus,0,37,vozle
rus,0,37,u
rus,0,38,v
rus,0,39,na
rus,0,40,na
rus,0,41,na
rus,0,42,na
rus,0,42,cherez
rus,0,43,na
rus,0,44,na
rus,0,45,na
rus,0,46,v
rus,0,47,na
rus,0,48,vozle
rus,0,49,na
rus,0,50,na
rus,0,51,na
rus,0,52,pod
rus,0,53,v
rus,0,53,vnutri
rus,0,54,vokrug
rus,0,55,na
rus,0,56,na
rus,0,57,u
rus,0,58,na
rus,0,59,za
rus,0,60,na
rus,0,61,v
rus,0,62,na
rus,0,63,za
rus,0,64,na
rus,0,65,na
rus,0,66,v
rus,0,66,vnutri
rus,0,67,na
rus,0,68,v
rus,0,69,na
rus,0,70,v
rus,0,70,vnutri
tir,0,0,po
tir,0,0,po
tir,0,0,po
tir,0,0,po
tir,0,0,po
tir,0,0,po
tir,0,0,po
tir,0,0,juuwë
tir,0,0,juuwë
tir,0,0,juuwë
tir,0,0,juuwë
tir,0,0,juuwë
tir,0,0,juuwë
tir,0,0,juuwë
tir,0,0,juuwë
tir,0,0,juuwë
tir,0,0,juuwë
tir,0,1,tao
tir,0,1,tao
tir,0,1,tao
tir,0,1,tao
tir,0,1,tao
tir,0,1,tao
tir,0,1,tao
tir,0,1,tao
tir,0,1,tao
tir,0,1,tao
tir,0,1,awë
tir,0,1,awë
tir,0,1,awë
tir,0,1,awë
tir,0,1,awë
tir,0,1,awë
tir,0,1,awë
tir,0,1,awë
tir,0,1,awë
tir,0,2,tao
tir,0,2,tao
tir,0,2,po
tir,0,2,po
tir,0,2,pë(kë)
tir,0,2,pë(kë)
tir,0,2,pë(kë)
tir,0,2,pë(kë)
tir,0,2,pë(kë)
tir,0,2,pë(kë)
tir,0,2,pë(kë)
tir,0,2,pë(kë)
tir,0,2,pë(kë)
tir,0,2,pë(kë)
tir,0,2,juuwë
tir,0,2,juuwë
tir,0,2,juuwë
tir,0,2,juuwë
tir,0,3,pë(kë)
tir,0,3,pë(kë)
tir,0,3,pë(kë)
tir,0,3,pë(kë)
tir,0,3,pë(kë)
tir,0,3,pë(kë)
tir,0,3,pë(kë)
tir,0,3,pë(kë)
tir,0,3,pë(kë)
tir,0,3,awëe
tir,0,3,:roowë
tir,0,3,:roowë
tir,0,3,:roowë
tir,0,3,:roowë
tir,0,3,rawë
tir,0,3,ekatao
tir,0,4,tao
tir,0,4,tao
tir,0,4,tao
tir,0,4,tao
tir,0,4,tao
tir,0,4,tao
tir,0,4,awë
tir,0,4,awë
tir,0,4,po
tir,0,4,pë(kë)
tir,0,4,tae
tir,0,4,tae
tir,0,4,tae
tir,0,4,tae
tir,0,4,juuwë
tir,0,4,juuwë
tir,0,4,juuwë
tir,0,4,juuwë
tir,0,4,rehtë
tir,0,4,awëe
tir,0,5,po
tir,0,5,po
tir,0,5,nkae
tir,0,5,nkae
tir,0,5,nkae
tir,0,5,nkae
tir,0,5,nkae
tir,0,5,nkae
tir,0,5,nkae
tir,0,5,nkae
tir,0,5,ekunnë
tir,0,5,ekunnë
tir,0,5,ekunnë
tir,0,5,ekunnë
tir,0,5,ekunnë
tir,0,5,ekunnë
tir,0,5,ekunnë
tir,0,5,ekunnë
tir,0,5,ekatao
tir,0,5,ekatao
tir,0,5,ekatao
tir,0,5,ekatao
tir,0,5,ekatao
tir,0,5,ekatao
tir,0,5,ekatao
tir,0,5,ekatao
tir,0,5,renao
tir,0,5,renao
tir,0,5,renao
tir,0,5,ranme
tir,0,5,ranme
tir,0,5,ranme
tir,0,5,ranme
tir,0,5,ranme
tir,0,5,ranme
tir,0,5,ranme
tir,0,6,pë(kë)
tir,0,6,pë(kë)
tir,0,6,pë(kë)
tir,0,6,pë(kë)
tir,0,6,pë(kë)
tir,0,6,pë(kë)
tir,0,6,pë(kë)
tir,0,6,pë(kë)
tir,0,6,pë(kë)
tir,0,6,pë(kë)
tir,0,7,tao
tir,0,7,po
tir,0,7,po
tir,0,7,po
tir,0,7,po
tir,0,7,po
tir,0,7,po
tir,0,7,po
tir,0,7,po
tir,0,7,juuwë
tir,0,7,juuwë
tir,0,7,juuwë
tir,0,7,juuwë
tir,0,7,juuwë
tir,0,7,juuwë
tir,0,7,juuwë
tir,0,7,juuwë
tir,0,7,juuwë
tir,0,7,juuwë
tir,0,8,tao
tir,0,8,po
tir,0,8,po
tir,0,8,po
tir,0,8,po
tir,0,8,pë(kë)
tir,0,8,pë(kë)
tir,0,8,tae
tir,0,8,tae
tir,0,8,tae
tir,0,8,tae
tir,0,8,tae
tir,0,8,tae
tir,0,8,tae
tir,0,8,tae
tir,0,8,tae
tir,0,8,tae
tir,0,8,awëe
tir,0,8,awëe
tir,0,8,awëe
tir,0,8,awëe
tir,0,8,awëe
tir,0,8,awëe
tir,0,9,tao
tir,0,9,tao
tir,0,9,tao
tir,0,9,tao
tir,0,9,awë
tir,0,9,awë
tir,0,9,pë(kë)
tir,0,9,pë(kë)
tir,0,9,tae
tir,0,9,tae
tir,0,9,tae
tir,0,9,tae
tir,0,9,tae
tir,0,9,tae
tir,0,9,tae
tir,0,9,tae
tir,0,9,tae
tir,0,9,tae
tir,0,9,awëe
tir,0,9,awëe
tir,0,10,hkao
tir,0,10,hkao
tir,0,10,hkao
tir,0,10,hkao
tir,0,10,hkao
tir,0,10,hkao
tir,0,10,hkao
tir,0,10,hkao
tir,0,10,po
tir,0,10,po
tir,0,10,po
tir,0,10,juuwë
tir,0,10,juuwë
tir,0,10,juuwë
tir,0,10,juuwë
tir,0,10,juuwë
tir,0,10,:roowë
tir,0,10,:roowë
tir,0,10,:roowë
tir,0,11,po
tir,0,11,pë(kë)
tir,0,11,pë(kë)
tir,0,11,pë(kë)
tir,0,11,pë(kë)
tir,0,11,pë(kë)
tir,0,11,pë(kë)
tir,0,11,pë(kë)
tir,0,11,pë(kë)
tir,0,11,pë(kë)
tir,0,11,pë(kë)
tir,0,11,juuwë
tir,0,11,juuwë
tir,0,11,juuwë
tir,0,12,po
tir,0,12,epoe
tir,0,12,epoe
tir,0,12,epoe
tir,0,12,epoe
tir,0,12,epoe
tir,0,12,epoe
tir,0,12,epoe
tir,0,12,epoe
tir,0,12,epoe
tir,0,12,epoe
tir,0,13,tao
tir,0,13,tao
tir,0,13,tao
tir,0,13,tao
tir,0,13,tao
tir,0,13,tao
tir,0,13,tao
tir,0,13,tao
tir,0,13,tao
tir,0,13,tao
tir,0,13,awë
tir,0,13,awë
tir,0,13,awë
tir,0,13,awë
tir,0,13,awë
tir,0,13,awë
tir,0,13,awë
tir,0,13,awë
tir,0,13,tae
tir,0,13,tae
tir,0,14,tao
tir,0,14,tao
tir,0,14,tao
tir,0,14,awë
tir,0,14,po
tir,0,14,:roowë
tir,0,14,nkae
tir,0,14,nkae
tir,0,14,nkae
tir,0,14,nkae
tir,0,14,nkae
tir,0,14,nkae
tir,0,14,nkae
tir,0,14,ekunnë
tir,0,14,ekunnë
tir,0,14,ekunnë
tir,0,14,ekunnë
tir,0,14,ekatao
tir,0,14,ekatao
tir,0,14,ekatao
tir,0,14,ranme
tir,0,14,ranme
tir,0,14,ranme
tir,0,15,epinë
tir,0,15,epinë
tir,0,15,epinë
tir,0,15,epinë
tir,0,15,epinë
tir,0,15,epinë
tir,0,15,epinë
tir,0,15,epinë
tir,0,15,epinë
tir,0,16,po
tir,0,16,po
tir,0,16,po
tir,0,16,pë(kë)
tir,0,16,pë(kë)
tir,0,16,juuwë
tir,0,16,juuwë
tir,0,16,juuwë
tir,0,16,aohpo
tir,0,16,aohpo
tir,0,16,aohpo
tir,0,16,aohpo
tir,0,16,aohpo
tir,0,16,aohpo
tir,0,16,aohpo
tir,0,16,aohpo
tir,0,16,aohpo
tir,0,16,aohpo
tir,0,16,empatae
tir,0,16,empatae
tir,0,16,empatae
tir,0,16,empatae
tir,0,16,empatae
tir,0,16,empatae
tir,0,16,rawë
tir,0,16,ekunnë
tir,0,17,tao
tir,0,17,awë
tir,0,17,po
tir,0,17,pë(kë)
tir,0,17,pë(kë)
tir,0,17,pë(kë)
tir,0,17,pë(kë)
tir,0,17,pë(kë)
tir,0,17,pë(kë)
tir,0,17,pë(kë)
tir,0,17,pë(kë)
tir,0,17,:roowë
tir,0,17,:roowë
tir,0,17,:roowë
tir,0,18,tao
tir,0,18,tao
tir,0,18,tao
tir,0,18,tao
tir,0,18,tao
tir,0,18,tao
tir,0,18,tao
tir,0,18,tao
tir,0,18,tao
tir,0,18,tao
tir,0,18,awë
tir,0,18,awë
tir,0,18,awë
tir,0,18,awë
tir,0,18,awë
tir,0,18,awë
tir,0,18,awë
tir,0,18,awë
tir,0,18,tae
tir,0,18,:roowë
tir,0,18,:roowë
tir,0,19,po
tir,0,19,pë(kë)
tir,0,19,pë(kë)
tir,0,19,pë(kë)
tir,0,19,pë(kë)
tir,0,19,pë(kë)
tir,0,19,pë(kë)
tir,0,19,pë(kë)
tir,0,19,pë(kë)
tir,0,19,pë(kë)
tir,0,19,pë(kë)
tir,0,19,tae
tir,0,19,tae
tir,0,19,tae
tir,0,19,tae
tir,0,19,awëe
tir,0,19,awëe
tir,0,19,awëe
tir,0,19,awëe
tir,0,20,tao
tir,0,20,tao
tir,0,20,tao
tir,0,20,tao
tir,0,20,awë
tir,0,20,awë
tir,0,20,pë(kë)
tir,0,20,pë(kë)
tir,0,20,pë(kë)
tir,0,20,tae
tir,0,20,tae
tir,0,20,tae
tir,0,20,tae
tir,0,20,tae
tir,0,20,tae
tir,0,20,tae
tir,0,20,tae
tir,0,20,tae
tir,0,21,tao
tir,0,21,tao
tir,0,21,tao
tir,0,21,tao
tir,0,21,tao
tir,0,21,awë
tir,0,21,awë
tir,0,21,tae
tir,0,21,tae
tir,0,21,tae
tir,0,21,tae
tir,0,21,tae
tir,0,21,tae
tir,0,21,tae
tir,0,21,tae
tir,0,21,tae
tir,0,21,awëe
tir,0,22,po
tir,0,22,po
tir,0,22,po
tir,0,22,po
tir,0,22,po
tir,0,22,tae
tir,0,22,juuwë
tir,0,22,juuwë
tir,0,22,juuwë
tir,0,22,juuwë
tir,0,22,juuwë
tir,0,22,juuwë
tir,0,22,juuwë
tir,0,22,juuwë
tir,0,22,juuwë
tir,0,22,rehtë
tir,0,22,rehtë
tir,0,22,rehtë
tir,0,22,rehtë
tir,0,22,rehtë
tir,0,22,rehtë
tir,0,22,rehtë
tir,0,22,rehtë
tir,0,22,rehtë
tir,0,22,rehtë
tir,0,23,tao
tir,0,23,po
tir,0,23,epinë
tir,0,23,epinë
tir,0,23,epinë
tir,0,23,epinë
tir,0,23,epinë
tir,0,23,epinë
tir,0,23,epinë
tir,0,23,epinë
tir,0,23,epinë
tir,0,23,epinë
tir,0,23,anmao
tir,0,23,anmao
tir,0,23,anmao
tir,0,24,po
tir,0,24,pë(kë)
tir,0,24,pë(kë)
tir,0,24,pë(kë)
tir,0,24,pë(kë)
tir,0,24,pë(kë)
tir,0,24,pë(kë)
tir,0,24,pë(kë)
tir,0,24,pë(kë)
tir,0,24,pë(kë)
tir,0,24,pë(kë)
tir,0,24,tae
tir,0,24,tae
tir,0,24,awëe
tir,0,25,pë(kë)
tir,0,25,aohpo
tir,0,25,:roowë
tir,0,25,:roowë
tir,0,25,:roowë
tir,0,25,:roowë
tir,0,26,po
tir,0,26,po
tir,0,26,pë(kë)
tir,0,26,pë(kë)
tir,0,26,pë(kë)
tir,0,26,pë(kë)
tir,0,26,pë(kë)
tir,0,26,pë(kë)
tir,0,26,pë(kë)
tir,0,26,pë(kë)
tir,0,26,pë(kë)
tir,0,26,pë(kë)
tir,0,26,awëe
tir,0,26,epinë
tir,0,26,rawë
tir,0,27,tao
tir,0,27,tao
tir,0,27,tao
tir,0,27,tao
tir,0,27,tao
tir,0,27,awë
tir,0,27,po
tir,0,27,po
tir,0,27,pë(kë)
tir,0,27,pë(kë)
tir,0,27,pë(kë)
tir,0,27,pë(kë)
tir,0,27,pë(kë)
tir,0,27,pë(kë)
tir,0,27,pë(kë)
tir,0,27,pë(kë)
tir,0,27,pë(kë)
tir,0,27,pë(kë)
tir,0,28,tao
tir,0,28,po
tir,0,28,po
tir,0,28,po
tir,0,28,po
tir,0,28,po
tir,0,28,po
tir,0,28,pë(kë)
tir,0,28,juuwë
tir,0,28,juuwë
tir,0,28,juuwë
tir,0,28,juuwë
tir,0,28,juuwë
tir,0,28,juuwë
tir,0,28,juuwë
tir,0,28,juuwë
tir,0,28,juuwë
tir,0,29,tao
tir,0,29,tao
tir,0,29,tao
tir,0,29,tao
tir,0,29,tao
tir,0,29,tao
tir,0,29,tao
tir,0,29,tao
tir,0,29,tao
tir,0,29,awë
tir,0,29,awë
tir,0,29,awë
tir,0,29,awë
tir,0,29,awë
tir,0,29,awë
tir,0,29,pë(kë)
tir,0,29,tae
tir,0,29,tae
tir,0,29,tae
tir,0,29,tae
tir,0,29,tae
tir,0,29,:roowë
tir,0,29,rawë
tir,0,30,epinë
tir,0,30,epinë
tir,0,30,epinë
tir,0,30,epinë
tir,0,30,epinë
tir,0,30,epinë
tir,0,30,epinë
tir,0,30,epinë
tir,0,30,epinë
tir,0,30,epinë
tir,0,31,tao
tir,0,31,tao
tir,0,31,tao
tir,0,31,tao
tir,0,31,tao
tir,0,31,tao
tir,0,31,tao
tir,0,31,tao
tir,0,31,tao
tir,0,31,tao
tir,0,31,awë
tir,0,31,awë
tir,0,31,awë
tir,0,31,awë
tir,0,31,awë
tir,0,31,awë
tir,0,31,awë
tir,0,31,awë
tir,0,31,hkao
tir,0,31,hkao
tir,0,32,tao
tir,0,32,tao
tir,0,32,tao
tir,0,32,tao
tir,0,32,tao
tir,0,32,tao
tir,0,32,awë
tir,0,32,awë
tir,0,32,po
tir,0,32,po
tir,0,32,pë(kë)
tir,0,32,pë(kë)
tir,0,32,pë(kë)
tir,0,32,pë(kë)
tir,0,32,pë(kë)
tir,0,32,pë(kë)
tir,0,32,pë(kë)
tir,0,32,pë(kë)
tir,0,32,tae
tir,0,32,tae
tir,0,32,tae
tir,0,32,tae
tir,0,32,tae
tir,0,32,tae
tir,0,32,tae
tir,0,32,tae
tir,0,32,tae
tir,0,32,awëe
tir,0,32,awëe
tir,0,32,awëe
tir,0,32,awëe
tir,0,32,awëe
tir,0,32,awëe
tir,0,32,:roowë
tir,0,32,rawë
tir,0,33,po
tir,0,33,po
tir,0,33,po
tir,0,33,juuwë
tir,0,33,juuwë
tir,0,33,juuwë
tir,0,33,juuwë
tir,0,33,juuwë
tir,0,33,juuwë
tir,0,33,rehtë
tir,0,33,aohpo
tir,0,33,aohpo
tir,0,33,aohpo
tir,0,33,aohpo
tir,0,33,aohpo
tir,0,33,empatae
tir,0,33,empatae
tir,0,34,tao
tir,0,34,po
tir,0,34,po
tir,0,34,po
tir,0,34,po
tir,0,34,po
tir,0,34,po
tir,0,34,po
tir,0,34,pë(kë)
tir,0,34,pë(kë)
tir,0,34,pë(kë)
tir,0,34,pë(kë)
tir,0,34,pë(kë)
tir,0,34,pë(kë)
tir,0,34,pë(kë)
tir,0,34,pë(kë)
tir,0,34,pë(kë)
tir,0,34,pë(kë)
tir,0,35,po
tir,0,35,epoe
tir,0,35,epoe
tir,0,35,epoe
tir,0,35,epoe
tir,0,35,epoe
tir,0,35,epoe
tir,0,35,epoe
tir,0,35,epoe
tir,0,35,epoe
tir,0,35,epoe
tir,0,36,tao
tir,0,36,awë
tir,0,36,pë(kë)
tir,0,36,pë(kë)
tir,0,36,pë(kë)
tir,0,36,pë(kë)
tir,0,36,pë(kë)
tir,0,36,tae
tir,0,36,tae
tir,0,36,tae
tir,0,36,tae
tir,0,36,tae
tir,0,36,tae
tir,0,36,tae
tir,0,36,tae
tir,0,36,awëe
tir,0,36,awëe
tir,0,36,awëe
tir,0,36,awëe
tir,0,36,awëe
tir,0,36,awëe
tir,0,36,awëe
tir,0,36,awëe
tir,0,37,po
tir,0,37,po
tir,0,37,po
tir,0,37,ekunnë
tir,0,37,ekunnë
tir,0,37,ekunnë
tir,0,37,ekunnë
tir,0,37,ekunnë
tir,0,37,ekunnë
tir,0,37,ekatao
tir,0,37,ekatao
tir,0,37,ekatao
tir,0,37,ekatao
tir,0,37,ekatao
tir,0,37,ekatao
tir,0,37,ekatao
tir,0,37,renao
tir,0,37,renao
tir,0,37,renao
tir,0,37,renao
tir,0,37,renao
tir,0,37,renao
tir,0,37,renao
tir,0,37,renao
tir,0,37,renao
tir,0,37,renao
tir,0,37,ranme
tir,0,37,ranme
tir,0,37,ranme
tir,0,37,ranme
tir,0,37,wenje
tir,0,38,tao
tir,0,38,tao
tir,0,38,tao
tir,0,38,tao
tir,0,38,tao
tir,0,38,tao
tir,0,38,tao
tir,0,38,tao
tir,0,38,tao
tir,0,38,tao
tir,0,38,awë
tir,0,38,tae
tir,0,38,tae
tir,0,38,tae
tir,0,39,tao
tir,0,39,awë
tir,0,39,po
tir,0,39,po
tir,0,39,po
tir,0,39,po
tir,0,39,po
tir,0,39,po
tir,0,39,po
tir,0,39,po
tir,0,39,juuwë
tir,0,39,juuwë
tir,0,39,juuwë
tir,0,39,juuwë
tir,0,39,juuwë
tir,0,39,juuwë
tir,0,39,juuwë
tir,0,39,juuwë
tir,0,39,juuwë
tir,0,39,juuwë
tir,0,40,tao
tir,0,40,po
tir,0,40,po
tir,0,40,po
tir,0,40,po
tir,0,40,po
tir,0,40,pë(kë)
tir,0,40,pë(kë)
tir,0,40,pë(kë)
tir,0,40,pë(kë)
tir,0,40,pë(kë)
tir,0,40,pë(kë)
tir,0,40,pë(kë)
tir,0,40,pë(kë)
tir,0,40,pë(kë)
tir,0,40,pë(kë)
tir,0,40,rehtë
tir,0,41,po
tir,0,41,pë(kë)
tir,0,41,pë(kë)
tir,0,41,pë(kë)
tir,0,41,pë(kë)
tir,0,41,pë(kë)
tir,0,41,pë(kë)
tir,0,41,pë(kë)
tir,0,41,pë(kë)
tir,0,41,pë(kë)
tir,0,41,tae
tir,0,41,tae
tir,0,42,po
tir,0,42,po
tir,0,42,po
tir,0,42,po
tir,0,42,tae
tir,0,42,tae
tir,0,42,tae
tir,0,42,tae
tir,0,42,juuwë
tir,0,42,juuwë
tir,0,42,juuwë
tir,0,42,juuwë
tir,0,42,juuwë
tir,0,42,rehtë
tir,0,42,rehtë
tir,0,42,rehtë
tir,0,42,rehtë
tir,0,42,awëe
tir,0,42,awëe
tir,0,42,awëe
tir,0,42,awëe
tir,0,42,awëe
tir,0,42,awëe
tir,0,42,awëe
tir,0,42,ekunnë
tir,0,42,ekatao
tir,0,42,ranme
tir,0,43,po
tir,0,43,po
tir,0,43,po
tir,0,43,pë(kë)
tir,0,43,pë(kë)
tir,0,43,pë(kë)
tir,0,43,pë(kë)
tir,0,43,pë(kë)
tir,0,43,pë(kë)
tir,0,43,pë(kë)
tir,0,43,pë(kë)
tir,0,43,pë(kë)
tir,0,43,pë(kë)
tir,0,43,tae
tir,0,43,tae
tir,0,43,tae
tir,0,43,awëe
tir,0,43,awëe
tir,0,43,awëe
tir,0,43,awëe
tir,0,43,awëe
tir,0,44,tao
tir,0,44,tao
tir,0,44,tao
tir,0,44,tao
tir,0,44,po
tir,0,44,po
tir,0,44,po
tir,0,44,po
tir,0,44,pë(kë)
tir,0,44,pë(kë)
tir,0,44,pë(kë)
tir,0,44,pë(kë)
tir,0,44,pë(kë)
tir,0,44,pë(kë)
tir,0,44,pë(kë)
tir,0,44,pë(kë)
tir,0,44,pë(kë)
tir,0,45,tao
tir,0,45,tao
tir,0,45,awë
tir,0,45,awë
tir,0,45,po
tir,0,45,po
tir,0,45,po
tir,0,45,po
tir,0,45,pë(kë)
tir,0,45,pë(kë)
tir,0,45,pë(kë)
tir,0,45,pë(kë)
tir,0,45,pë(kë)
tir,0,45,tae
tir,0,45,tae
tir,0,45,tae
tir,0,45,tae
tir,0,45,tae
tir,0,45,tae
tir,0,45,tae
tir,0,45,tae
tir,0,45,tae
tir,0,46,tao
tir,0,46,tao
tir,0,46,tao
tir,0,46,tao
tir,0,46,tao
tir,0,46,tao
tir,0,46,tao
tir,0,46,tao
tir,0,46,tao
tir,0,46,awë
tir,0,46,awë
tir,0,46,awë
tir,0,46,awë
tir,0,46,po
tir,0,46,po
tir,0,46,po
tir,0,46,po
tir,0,46,po
tir,0,46,po
tir,0,46,po
tir,0,46,juuwë
tir,0,46,juuwë
tir,0,46,juuwë
tir,0,46,juuwë
tir,0,46,juuwë
tir,0,46,juuwë
tir,0,47,tao
tir,0,47,po
tir,0,47,po
tir,0,47,po
tir,0,47,pë(kë)
tir,0,47,pë(kë)
tir,0,47,pë(kë)
tir,0,47,pë(kë)
tir,0,47,pë(kë)
tir,0,47,pë(kë)
tir,0,47,pë(kë)
tir,0,47,pë(kë)
tir,0,47,pë(kë)
tir,0,47,pë(kë)
tir,0,47,juuwë
tir,0,48,po
tir,0,48,po
tir,0,48,po
tir,0,48,nkae
tir,0,48,nkae
tir,0,48,nkae
tir,0,48,ekunnë
tir,0,48,ekunnë
tir,0,48,ekunnë
tir,0,48,ekunnë
tir,0,48,ekunnë
tir,0,48,ekunnë
tir,0,48,ekunnë
tir,0,48,ekunnë
tir,0,48,ekatao
tir,0,48,ekatao
tir,0,48,ekatao
tir,0,48,ekatao
tir,0,48,ekatao
tir,0,48,ekatao
tir,0,48,ekatao
tir,0,48,ekatao
tir,0,48,ekatao
tir,0,48,ekatao
tir,0,48,renao
tir,0,48,renao
tir,0,48,renao
tir,0,48,renao
tir,0,48,renao
tir,0,48,renao
tir,0,48,ranme
tir,0,48,ranme
tir,0,48,ranme
tir,0,48,ranme
tir,0,48,ranme
tir,0,48,ranme
tir,0,48,ranme
tir,0,48,ranme
tir,0,48,wenje
tir,0,49,po
tir,0,49,pë(kë)
tir,0,49,pë(kë)
tir,0,49,pë(kë)
tir,0,49,pë(kë)
tir,0,49,pë(kë)
tir,0,49,pë(kë)
tir,0,49,pë(kë)
tir,0,49,pë(kë)
tir,0,49,pë(kë)
tir,0,49,pë(kë)
tir,0,49,tae
tir,0,49,tae
tir,0,49,awëe
tir,0,49,awëe
tir,0,50,tao
tir,0,50,awë
tir,0,50,po
tir,0,50,pë(kë)
tir,0,50,pë(kë)
tir,0,50,pë(kë)
tir,0,50,pë(kë)
tir,0,50,pë(kë)
tir,0,50,pë(kë)
tir,0,50,tae
tir,0,50,tae
tir,0,50,tae
tir,0,50,tae
tir,0,50,tae
tir,0,50,awëe
tir,0,50,awëe
tir,0,50,awëe
tir,0,50,awëe
tir,0,50,awëe
tir,0,50,awëe
tir,0,50,awëe
tir,0,50,awëe
tir,0,50,awëe
tir,0,51,po
tir,0,51,pë(kë)
tir,0,51,pë(kë)
tir,0,51,pë(kë)
tir,0,51,pë(kë)
tir,0,51,pë(kë)
tir,0,51,pë(kë)
tir,0,51,pë(kë)
tir,0,51,pë(kë)
tir,0,51,pë(kë)
tir,0,51,pë(kë)
tir,0,51,tae
tir,0,52,po
tir,0,52,po
tir,0,52,pë(kë)
tir,0,52,pë(kë)
tir,0,52,pë(kë)
tir,0,52,pë(kë)
tir,0,52,pë(kë)
tir,0,52,pë(kë)
tir,0,52,epinë
tir,0,52,epinë
tir,0,52,epinë
tir,0,52,epinë
tir,0,52,epinë
tir,0,52,epinë
tir,0,52,epinë
tir,0,52,epinë
tir,0,52,epinë
tir,0,52,anmao
tir,0,53,tao
tir,0,53,tao
tir,0,53,tao
tir,0,53,tao
tir,0,53,tao
tir,0,53,tao
tir,0,53,tao
tir,0,53,tao
tir,0,53,tao
tir,0,53,tao
tir,0,53,awë
tir,0,53,awë
tir,0,53,awë
tir,0,53,awë
tir,0,53,awë
tir,0,53,awë
tir,0,53,awë
tir,0,53,awë
tir,0,53,awë
tir,0,53,awë
tir,0,53,po
tir,0,54,tao
tir,0,54,awë
tir,0,54,po
tir,0,54,pë(kë)
tir,0,54,pë(kë)
tir,0,54,pë(kë)
tir,0,54,pë(kë)
tir,0,54,pë(kë)
tir,0,54,pë(kë)
tir,0,54,pë(kë)
tir,0,54,pë(kë)
tir,0,54,pë(kë)
tir,0,54,tae
tir,0,54,tae
tir,0,54,tae
tir,0,54,tae
tir,0,54,tae
tir,0,54,tae
tir,0,54,tae
tir,0,54,awëe
tir,0,54,awëe
tir,0,54,awëe
tir,0,54,awëe
tir,0,54,awëe
tir,0,55,po
tir,0,55,po
tir,0,55,pë(kë)
tir,0,55,pë(kë)
tir,0,55,pë(kë)
tir,0,55,pë(kë)
tir,0,55,pë(kë)
tir,0,55,pë(kë)
tir,0,55,pë(kë)
tir,0,55,pë(kë)
tir,0,55,pë(kë)
tir,0,55,pë(kë)
tir,0,55,tae
tir,0,55,tae
tir,0,55,tae
tir,0,55,juuwë
tir,0,55,rehtë
tir,0,55,awëe
tir,0,56,tao
tir,0,56,tao
tir,0,56,tao
tir,0,56,tao
tir,0,56,tao
tir,0,56,awë
tir,0,56,awë
tir,0,56,pë(kë)
tir,0,56,pë(kë)
tir,0,56,pë(kë)
tir,0,56,pë(kë)
tir,0,56,pë(kë)
tir,0,56,pë(kë)
tir,0,56,pë(kë)
tir,0,56,pë(kë)
tir,0,56,pë(kë)
tir,0,56,tae
tir,0,56,tae
tir,0,56,tae
tir,0,56,tae
tir,0,56,tae
tir,0,56,tae
tir,0,56,tae
tir,0,56,tae
tir,0,56,tae
tir,0,56,awëe
tir,0,56,awëe
tir,0,56,awëe
tir,0,56,awëe
tir,0,56,awëe
tir,0,57,po
tir,0,57,po
tir,0,57,po
tir,0,57,po
tir,0,57,pë(kë)
tir,0,57,nkae
tir,0,57,ekunnë
tir,0,57,ekunnë
tir,0,58,po
tir,0,58,po
tir,0,58,po
tir,0,58,po
tir,0,58,po
tir,0,58,po
tir,0,58,po
tir,0,58,po
tir,0,58,po
tir,0,58,juuwë
tir,0,58,juuwë
tir,0,58,juuwë
tir,0,58,juuwë
tir,0,58,juuwë
tir,0,58,juuwë
tir,0,58,juuwë
tir,0,58,juuwë
tir,0,58,juuwë
tir,0,58,juuwë
tir,0,58,rehtë
tir,0,58,rehtë
tir,0,58,rehtë
tir,0,59,tao
tir,0,59,tao
tir,0,59,tao
tir,0,59,tao
tir,0,59,tao
tir,0,59,tao
tir,0,59,tao
tir,0,59,tao
tir,0,59,tao
tir,0,59,tao
tir,0,59,awë
tir,0,59,awë
tir,0,59,awë
tir,0,59,awë
tir,0,59,awë
tir,0,59,awë
tir,0,59,awë
tir,0,59,po
tir,0,59,:roowë
tir,0,59,:roowë
tir,0,59,:roowë
tir,0,59,nkae
tir,0,60,tao
tir,0,60,awë
tir,0,60,po
tir,0,60,pë(kë)
tir,0,60,pë(kë)
tir,0,60,pë(kë)
tir,0,60,pë(kë)
tir,0,60,pë(kë)
tir,0,60,pë(kë)
tir,0,60,pë(kë)
tir,0,60,pë(kë)
tir,0,60,pë(kë)
tir,0,60,pë(kë)
tir,0,60,:roowë
tir,0,61,tao
tir,0,61,tao
tir,0,61,tao
tir,0,61,tao
tir,0,61,tao
tir,0,61,tao
tir,0,61,tao
tir,0,61,awë
tir,0,61,awë
tir,0,61,awë
tir,0,61,awë
tir,0,61,awë
tir,0,61,po
tir,0,61,po
tir,0,61,pë(kë)
tir,0,61,tae
tir,0,61,tae
tir,0,61,tae
tir,0,61,tae
tir,0,61,juuwë
tir,0,61,rehtë
tir,0,61,rehtë
tir,0,61,rehtë
tir,0,61,rehtë
tir,0,62,tao
tir,0,62,awë
tir,0,62,po
tir,0,62,po
tir,0,62,pë(kë)
tir,0,62,pë(kë)
tir,0,62,pë(kë)
tir,0,62,pë(kë)
tir,0,62,pë(kë)
tir,0,62,pë(kë)
tir,0,62,pë(kë)
tir,0,62,pë(kë)
tir,0,62,pë(kë)
tir,0,62,pë(kë)
tir,0,63,nkae
tir,0,63,nkae
tir,0,63,nkae
tir,0,63,nkae
tir,0,63,nkae
tir,0,63,nkae
tir,0,63,nkae
tir,0,63,nkae
tir,0,63,nkae
tir,0,63,nkae
tir,0,63,n’nao
tir,0,63,n’nao
tir,0,63,n’nao
tir,0,63,n’nao
tir,0,63,n’nao
tir,0,63,n’nao
tir,0,63,n’nao
tir,0,63,n’nao
tir,0,63,n’nao
tir,0,63,ekunnë
tir,0,63,ekunnë
tir,0,63,ekunnë
tir,0,63,ekunnë
tir,0,63,ekunnë
tir,0,63,ekunnë
tir,0,63,ekatao
tir,0,63,ekatao
tir,0,63,ekatao
tir,0,63,ekatao
tir,0,63,ekatao
tir,0,63,ekatao
tir,0,63,ekatao
tir,0,63,ekatao
tir,0,63,renao
tir,0,63,ranme
tir,0,63,ranme
tir,0,63,ranme
tir,0,64,po
tir,0,64,po
tir,0,64,po
tir,0,64,po
tir,0,64,po
tir,0,64,po
tir,0,64,po
tir,0,64,juuwë
tir,0,64,juuwë
tir,0,64,juuwë
tir,0,64,juuwë
tir,0,64,juuwë
tir,0,64,juuwë
tir,0,64,juuwë
tir,0,64,juuwë
tir,0,64,juuwë
tir,0,64,juuwë
tir,0,64,rehtë
tir,0,64,rehtë
tir,0,64,rehtë
tir,0,64,rehtë
tir,0,64,rehtë
tir,0,64,rehtë
tir,0,64,rehtë
tir,0,64,rehtë
tir,0,64,rehtë
tir,0,64,rehtë
tir,0,65,tao
tir,0,65,awë
tir,0,65,po
tir,0,65,pë(kë)
tir,0,65,pë(kë)
tir,0,65,pë(kë)
tir,0,65,pë(kë)
tir,0,65,pë(kë)
tir,0,65,pë(kë)
tir,0,65,pë(kë)
tir,0,65,pë(kë)
tir,0,65,pë(kë)
tir,0,65,pë(kë)
tir,0,65,tae
tir,0,65,tae
tir,0,65,tae
tir,0,65,awëe
tir,0,66,tao
tir,0,66,tao
tir,0,66,tao
tir,0,66,tao
tir,0,66,tao
tir,0,66,tao
tir,0,66,tao
tir,0,66,tao
tir,0,66,tao
tir,0,66,tao
tir,0,66,awë
tir,0,66,awë
tir,0,66,awë
tir,0,66,awë
tir,0,66,awë
tir,0,66,awë
tir,0,66,awë
tir,0,66,awë
tir,0,66,awë
tir,0,66,po
tir,0,66,po
tir,0,66,tae
tir,0,66,tae
tir,0,67,po
tir,0,67,po
tir,0,67,pë(kë)
tir,0,67,pë(kë)
tir,0,67,pë(kë)
tir,0,67,pë(kë)
tir,0,67,pë(kë)
tir,0,67,pë(kë)
tir,0,67,pë(kë)
tir,0,67,pë(kë)
tir,0,67,pë(kë)
tir,0,67,pë(kë)
tir,0,67,juuwë
tir,0,67,juuwë
tir,0,68,tao
tir,0,68,tao
tir,0,68,tao
tir,0,68,tao
tir,0,68,awë
tir,0,68,po
tir,0,68,pë(kë)
tir,0,68,pë(kë)
tir,0,68,pë(kë)
tir,0,68,tae
tir,0,68,tae
tir,0,68,tae
tir,0,68,tae
tir,0,68,tae
tir,0,68,tae
tir,0,68,tae
tir,0,68,tae
tir,0,68,tae
tir,0,68,tae
tir,0,68,awëe
tir,0,68,awëe
tir,0,68,awëe
tir,0,68,awëe
tir,0,68,awëe
tir,0,68,awëe
tir,0,69,tao
tir,0,69,tao
tir,0,69,tao
tir,0,69,tao
tir,0,69,tao
tir,0,69,tao
tir,0,69,tao
tir,0,69,tao
tir,0,69,tao
tir,0,69,awë
tir,0,69,awë
tir,0,69,awë
tir,0,69,awë
tir,0,69,awë
tir,0,69,awë
tir,0,69,pë(kë)
tir,0,69,pë(kë)
tir,0,69,pë(kë)
tir,0,69,tae
tir,0,69,tae
tir,0,69,tae
tir,0,69,tae
tir,0,69,tae
tir,0,69,tae
tir,0,69,tae
tir,0,69,tae
tir,0,69,tae
tir,0,69,tae
tir,0,70,tao
tir,0,70,tao
tir,0,70,tao
tir,0,70,tao
tir,0,70,awë
tir,0,70,awë
tir,0,70,po
tir,0,70,po
tir,0,70,po
tir,0,70,tae
tir,0,70,tae
tir,0,70,pohtë
tir,0,70,pohtë
tir,0,70,pohtë
tir,0,70,pohtë
tir,0,70,pohtë
tir,0,70,pohtë
tir,0,70,pohtë
tir,0,70,pohtë
tir,0,70,pohtë
tir,0,70,pohtë
tru,0,0,natu-n
tru,0,0,natu-n
tru,0,0,natu-n
tru,0,1,fax-on
tru,0,1,fax-on
tru,0,2,natu-n
tru,0,2,natu-n
tru,0,3,natu-n
tru,0,5,dacha-n
tru,0,5,dacha-n
tru,0,5,heni-n
tru,0,6,heni-n
tru,0,7,natu-n
tru,0,7,natu-n
tru,0,10,fax-on
tru,0,10,fax-on
tru,0,11,mala-s
tru,0,11,natu-n
tru,0,12,ţ'ahmu-n
tru,0,12,ţ'ahmu-n
tru,0,12,ţ'ahmu-n
tru,0,15,apuda-n
tru,0,15,apuda-n
tru,0,15,apuda-n
tru,0,16,wela-n
tru,0,16,wela-n
tru,0,17,wela-n
tru,0,18,fax-on
tru,0,18,fax-on
tru,0,18,natu-n
tru,0,22,natu-n
tru,0,22,natu-n
tru,0,22,natu-n
tru,0,23,apuda-n
tru,0,27,natu-n
tru,0,27,natu-n
tru,0,27,wela-n
tru,0,28,natu-n
tru,0,30,apuda-n
tru,0,30,apuda-n
tru,0,30,apuda-n
tru,0,31,fax-on
tru,0,31,fax-on
tru,0,31,fax-on
tru,0,32,wela-n
tru,0,33,natu-n
tru,0,33,natu-n
tru,0,34,natu-n
tru,0,35,heni-n
tru,0,35,ţ'ahmu-n
tru,0,35,ţ'ahmu-n
tru,0,36,natu-n
tru,0,37,heni-n
tru,0,37,mala-n
tru,0,37,mala-n
tru,0,39,natu-n
tru,0,39,natu-n
tru,0,39,natu-n
tru,0,42,natu-n
tru,0,42,natu-n
tru,0,44,natu-n
tru,0,46,fax-on
tru,0,46,fax-on
tru,0,46,natu-n
tru,0,48,dacha-n
tru,0,48,dacha-n
tru,0,48,huka-n
tru,0,51,natu-n
tru,0,52,apuda-n
tru,0,52,apuda-n
tru,0,53,fax-on
tru,0,56,wela-n
tru,0,58,natu-n
tru,0,58,natu-n
tru,0,58,natu-n
tru,0,63,dacha-n
tru,0,63,dacha-n
tru,0,63,dacha-n
tru,0,64,natu-n
tru,0,64,wela-n
tru,0,67,natu-n
tru,0,67,natu-n
tru,0,70,fax-on
tru,0,70,fax-on
yel,0,0,mbêmê
yel,0,0,mbêmê
yel,0,0,mbêmê
yel,0,0,mbêmê
yel,0,1,k:oo
yel,0,1,k:oo
yel,0,1,k:oo
yel,0,1,k:oo
yel,0,2,p:uu
yel,0,2,p:uu
yel,0,2,p:uu
yel,0,2,p:uu
yel,0,3,p:uu
yel,0,3,p:uu
yel,0,3,p:uu
yel,0,3,p:uu
yel,0,4,mbêmê
yel,0,4,mbêmê
yel,0,4,mbêmê
yel,0,4,mbêdê-ma
yel,0,6,k:oo
yel,0,6,k:oo
yel,0,6,p:uu
yel,0,6,p:uu
yel,0,7,mbêmê
yel,0,7,mbêmê
yel,0,7,nkwodo
yel,0,7,nkwodo
yel,0,8,p:uu
yel,0,8,’nedê
yel,0,8,’nedê
yel,0,8,’nedê
yel,0,9,p:uu
yel,0,9,p:uu
yel,0,9,p:uu
yel,0,11,p:uu
yel,0,11,p:uu
yel,0,11,p:uu
yel,0,11,p:uu
yel,0,12,pwo
yel,0,12,pwo
yel,0,13,k:oo
yel,0,13,k:oo
yel,0,13,k:oo
yel,0,13,k:oo
yel,0,15,mêknapwo
yel,0,15,mêknapwo
yel,0,15,mêknapwo
yel,0,15,mêknapwo
yel,0,16,paa
yel,0,16,paa
yel,0,16,paa
yel,0,16,mbêmê
yel,0,17,u mênê
yel,0,17,p:uu
yel,0,18,k:oo
yel,0,18,k:oo
yel,0,18,k:oo
yel,0,18,k:oo
yel,0,18,yedê
yel,0,18,yedê
yel,0,19,p:uu
yel,0,19,p:uu
yel,0,19,’nedê
yel,0,19,’nedê
yel,0,20,p:uu
yel,0,20,p:uu
yel,0,20,p:uu
yel,0,21,’nedê
yel,0,21,’nedê
yel,0,21,’nedê
yel,0,21,’nedê
yel,0,22,mbêmê
yel,0,22,mbêmê
yel,0,22,mbêmê
yel,0,22,mbêmê
yel,0,23,mêknapwo
yel,0,23,mêknapwo
yel,0,23,mêknapwo
yel,0,23,mêknapwo
yel,0,24,p:uu
yel,0,24,p:uu
yel,0,24,paa
yel,0,25,paa
yel,0,26,p:uu
yel,0,26,p:uu
yel,0,26,nkwodo
yel,0,27,p:uu
yel,0,27,p:uu
yel,0,27,p:uu
yel,0,27,p:uu
yel,0,28,mbêmê
yel,0,28,nkwodo
yel,0,28,nkwodo
yel,0,28,nkwodo
yel,0,29,u mênê
yel,0,29,u mênê
yel,0,29,p:uu
yel,0,29,’nedê
yel,0,29,’nedê
yel,0,30,mêknapwo
yel,0,30,mêknapwo
yel,0,30,mêknapwo
yel,0,30,mêknapwo
yel,0,31,k:oo
yel,0,31,k:oo
yel,0,31,k:oo
yel,0,31,u mênê
yel,0,32,p:uu
yel,0,32,p:uu
yel,0,32,p:uu
yel,0,32,’nedê
yel,0,33,pwono
yel,0,33,pwono
yel,0,33,pwono
yel,0,33,pwono
yel,0,34,p:uu
yel,0,34,p:uu
yel,0,34,p:uu
yel,0,34,p:uu
yel,0,35,mbêmê
yel,0,35,mbêmê
yel,0,35,pwono
yel,0,35,mbêdê-ma
yel,0,35,pwo
yel,0,35,pwo
yel,0,36,p:uu
yel,0,36,p:uu
yel,0,36,’nedê
yel,0,36,’nedê
yel,0,39,mbêmê
yel,0,39,mbêmê
yel,0,39,mbêmê
yel,0,39,mbêmê
yel,0,39,yedê
yel,0,39,pwono
yel,0,40,p:uu
yel,0,40,p:uu
yel,0,40,nkwodo
yel,0,40,nkwodo
yel,0,41,paa
yel,0,41,paa
yel,0,41,paa
yel,0,41,paa
yel,0,42,mbêmê
yel,0,42,mbêmê
yel,0,42,mbêmê
yel,0,42,mbêmê
yel,0,43,p:uu
yel,0,43,p:uu
yel,0,43,paa
yel,0,43,paa
yel,0,43,paa
yel,0,44,nkwodo
yel,0,44,nkwodo
yel,0,44,nkwodo
yel,0,44,nkwodo
yel,0,45,mbêmê
yel,0,46,k:oo
yel,0,46,k:oo
yel,0,46,k:oo
yel,0,46,yedê
yel,0,47,p:uu
yel,0,47,p:uu
yel,0,47,p:uu
yel,0,49,k:oo
yel,0,49,p:uu
yel,0,49,paa
yel,0,49,paa
yel,0,51,p:uu
yel,0,51,p:uu
yel,0,51,p:uu
yel,0,51,paa
yel,0,51,paa
yel,0,51,paa
yel,0,52,mêknapwo
yel,0,52,mêknapwo
yel,0,52,mêknapwo
yel,0,52,mêknapwo
yel,0,53,k:oo
yel,0,53,k:oo
yel,0,53,k:oo
yel,0,53,k:oo
yel,0,53,u mênê
yel,0,53,u mênê
yel,0,53,u mênê
yel,0,54,p:uu
yel,0,54,p:uu
yel,0,54,paa
yel,0,55,p:uu
yel,0,55,p:uu
yel,0,55,’nedê
yel,0,55,’nedê
yel,0,56,p:uu
yel,0,56,p:uu
yel,0,56,p:uu
yel,0,56,p:uu
yel,0,56,’nedê
yel,0,57,p:uu
yel,0,57,p:uu
yel,0,57,p:uu
yel,0,57,p:uu
yel,0,58,mbêmê
yel,0,58,mbêmê
yel,0,58,mbêmê
yel,0,58,mbêmê
yel,0,58,nkwodo
yel,0,58,nkwodo
yel,0,59,k:oo
yel,0,59,k:oo
yel,0,59,k:oo
yel,0,59,k:oo
yel,0,60,p:uu
yel,0,60,p:uu
yel,0,61,p:uu
yel,0,61,mbêmê
yel,0,61,mbêmê
yel,0,61,mbêmê
yel,0,62,’nedê
yel,0,64,mbêmê
yel,0,64,mbêmê
yel,0,64,mbêmê
yel,0,64,mbêmê
yel,0,65,p:uu
yel,0,65,p:uu
yel,0,65,p:uu
yel,0,65,p:uu
yel,0,66,k:oo
yel,0,66,u mênê
yel,0,66,u mênê
yel,0,66,u mênê
yel,0,67,p:uu
yel,0,67,p:uu
yel,0,67,p:uu
yel,0,67,p:uu
yel,0,67,yedê
yel,0,68,p:uu
yel,0,68,p:uu
yel,0,68,p:uu
yel,0,68,p:uu
yel,0,69,’nedê
yel,0,69,’nedê
yel,0,69,’nedê
yel,0,70,k:oo
yel,0,70,k:oo
yel,0,70,k:oo
yuk,0,0,y=ook’ol
yuk,0,1,ich
yuk,0,5,paach-il ti’
yuk,0,12,y=ook’ol
yuk,0,13,ich
yuk,0,15,y=aanal
yuk,0,16,y=ook’ol
yuk,0,18,ich
yuk,0,22,y=ook’ol
yuk,0,23,y=aanal
yuk,0,24,haal
yuk,0,28,y=ook’ol
yuk,0,30,y=aanal
yuk,0,31,ich
yuk,0,33,y=ook’ol
yuk,0,39,y=ook’ol
yuk,0,42,y=ook’ol
yuk,0,43,paach-il ti’
yuk,0,48,ak taan ti’
yuk,0,57,paach-il ti’
yuk,0,58,y=ook’ol
yuk,0,59,ba’ paach
yuk,0,63,paach-il ti’
yuk,0,64,y=ook’ol
yuk,0,67,taan-il ti’
yuk,0,69,chuumuk ti’
