"ara"	0	0	"ela"
"ara"	0	0	"ela"
"ara"	0	0	"ela"
"ara"	0	0	"ela"
"ara"	0	0	"ela"
"ara"	0	0	"ela"
"ara"	0	0	"ela"
"ara"	0	0	"ela"
"ara"	0	0	"ela"
"ara"	0	0	"fwq"
"ara"	0	0	"fwq"
"ara"	0	0	"fwq"
"ara"	0	0	"fy"
"ara"	0	1	"dakhl"
"ara"	0	1	"dakhl"
"ara"	0	1	"dakhl"
"ara"	0	1	"dakhl"
"ara"	0	1	"dakhl"
"ara"	0	1	"dakhl"
"ara"	0	1	"fy"
"ara"	0	1	"fydakhl"
"ara"	0	2	"ela"
"ara"	0	2	"ela"
"ara"	0	2	"ela"
"ara"	0	2	"ela"
"ara"	0	2	"ela"
"ara"	0	2	"ela"
"ara"	0	2	"ela"
"ara"	0	2	"ela"
"ara"	0	2	"ela"
"ara"	0	2	"ela"
"ara"	0	2	"ela"
"ara"	0	2	"ela"
"ara"	0	3	"ela"
"ara"	0	3	"ela"
"ara"	0	3	"ela"
"ara"	0	3	"hwl"
"ara"	0	3	"hwl"
"ara"	0	3	"hwl"
"ara"	0	4	"ela"
"ara"	0	4	"ela"
"ara"	0	4	"ela"
"ara"	0	4	"fwq"
"ara"	0	5	"alkharj"
"ara"	0	5	"bjanb"
"ara"	0	5	"bjanb"
"ara"	0	5	"bjanb"
"ara"	0	5	"bjanb"
"ara"	0	5	"bjanb"
"ara"	0	5	"bjwar"
"ara"	0	5	"bjwar"
"ara"	0	5	"bjwar"
"ara"	0	5	"bjwar"
"ara"	0	5	"bjwar"
"ara"	0	5	"bjwar"
"ara"	0	5	"bjwar"
"ara"	0	6	"ela"
"ara"	0	6	"ela"
"ara"	0	6	"ela"
"ara"	0	6	"ela"
"ara"	0	6	"ela"
"ara"	0	6	"ela"
"ara"	0	6	"ela"
"ara"	0	6	"ela"
"ara"	0	6	"ela"
"ara"	0	6	"ela"
"ara"	0	6	"fy"
"ara"	0	7	"ela"
"ara"	0	7	"ela"
"ara"	0	7	"ela"
"ara"	0	7	"ela"
"ara"	0	7	"ela"
"ara"	0	7	"ela"
"ara"	0	7	"ela"
"ara"	0	7	"ela"
"ara"	0	7	"fwq"
"ara"	0	7	"fwq"
"ara"	0	7	"fwq"
"ara"	0	7	"fwq"
"ara"	0	8	"ela"
"ara"	0	8	"ela"
"ara"	0	8	"ela"
"ara"	0	8	"ela"
"ara"	0	8	"ela"
"ara"	0	8	"ela"
"ara"	0	8	"ela"
"ara"	0	8	"ela"
"ara"	0	8	"fy"
"ara"	0	9	"fy"
"ara"	0	9	"fy"
"ara"	0	9	"fy"
"ara"	0	9	"fy"
"ara"	0	9	"fy"
"ara"	0	9	"fy"
"ara"	0	9	"fy"
"ara"	0	9	"hwl"
"ara"	0	9	"hwl"
"ara"	0	9	"hwl"
"ara"	0	10	"ela"
"ara"	0	10	"fwq"
"ara"	0	10	"fy"
"ara"	0	10	"fy"
"ara"	0	10	"fy"
"ara"	0	10	"fy"
"ara"	0	10	"fy"
"ara"	0	10	"fy"
"ara"	0	10	"fy"
"ara"	0	10	"fy"
"ara"	0	10	"wst"
"ara"	0	10	"wst"
"ara"	0	11	"ela"
"ara"	0	11	"ela"
"ara"	0	11	"ela"
"ara"	0	11	"ela"
"ara"	0	11	"ela"
"ara"	0	11	"ela"
"ara"	0	11	"fwq"
"ara"	0	11	"fy"
"ara"	0	12	"ela"
"ara"	0	12	"ela"
"ara"	0	12	"fwq"
"ara"	0	12	"fwq"
"ara"	0	12	"fwq"
"ara"	0	12	"fwq"
"ara"	0	12	"fwq"
"ara"	0	12	"fwq"
"ara"	0	12	"fwq"
"ara"	0	12	"fwq"
"ara"	0	12	"fwq"
"ara"	0	12	"fwq"
"ara"	0	12	"fwq"
"ara"	0	13	"dakhl"
"ara"	0	13	"dakhl"
"ara"	0	13	"dakhl"
"ara"	0	13	"dakhl"
"ara"	0	13	"dakhl"
"ara"	0	13	"dakhl"
"ara"	0	13	"dakhl"
"ara"	0	13	"dakhl"
"ara"	0	13	"dakhl"
"ara"	0	13	"dakhl"
"ara"	0	13	"dakhl"
"ara"	0	14	"hwl"
"ara"	0	14	"hwl"
"ara"	0	14	"hwl"
"ara"	0	14	"hwl"
"ara"	0	14	"hwl"
"ara"	0	14	"hwl"
"ara"	0	15	"asfl"
"ara"	0	15	"asfl"
"ara"	0	15	"asfl"
"ara"	0	15	"asfl"
"ara"	0	15	"asfl"
"ara"	0	15	"asfl"
"ara"	0	15	"tht"
"ara"	0	15	"tht"
"ara"	0	15	"tht"
"ara"	0	15	"tht"
"ara"	0	15	"tht"
"ara"	0	15	"tht"
"ara"	0	15	"tht"
"ara"	0	15	"tht"
"ara"	0	16	"ela"
"ara"	0	16	"ela"
"ara"	0	16	"ela"
"ara"	0	16	"ela"
"ara"	0	16	"ela"
"ara"	0	16	"ela"
"ara"	0	16	"ela"
"ara"	0	16	"ela"
"ara"	0	16	"ela"
"ara"	0	16	"fymnstf"
"ara"	0	16	"fywst"
"ara"	0	17	"ela"
"ara"	0	17	"ela"
"ara"	0	17	"ela"
"ara"	0	17	"fy"
"ara"	0	17	"khlal"
"ara"	0	18	"dakhl"
"ara"	0	18	"dakhl"
"ara"	0	18	"fy"
"ara"	0	18	"fymnstf"
"ara"	0	18	"fywst"
"ara"	0	19	"ela"
"ara"	0	19	"ela"
"ara"	0	19	"ela"
"ara"	0	19	"ela"
"ara"	0	19	"fy"
"ara"	0	19	"fy"
"ara"	0	19	"fy"
"ara"	0	19	"fy"
"ara"	0	19	"fy"
"ara"	0	20	"fy"
"ara"	0	20	"fy"
"ara"	0	20	"fy"
"ara"	0	21	"ela"
"ara"	0	21	"ela"
"ara"	0	21	"wst"
"ara"	0	22	"ela"
"ara"	0	22	"ela"
"ara"	0	22	"ela"
"ara"	0	22	"ela"
"ara"	0	22	"ela"
"ara"	0	22	"ela"
"ara"	0	22	"ela"
"ara"	0	22	"fwq"
"ara"	0	22	"fwq"
"ara"	0	22	"fwq"
"ara"	0	22	"fwq"
"ara"	0	22	"hwl"
"ara"	0	23	"isfl"
"ara"	0	23	"isfl"
"ara"	0	23	"isfl"
"ara"	0	23	"isfl"
"ara"	0	23	"tht"
"ara"	0	23	"tht"
"ara"	0	23	"tht"
"ara"	0	23	"tht"
"ara"	0	24	"bjanb"
"ara"	0	24	"ela"
"ara"	0	24	"ela"
"ara"	0	24	"ela"
"ara"	0	24	"ela"
"ara"	0	24	"ela"
"ara"	0	24	"ela"
"ara"	0	24	"ela"
"ara"	0	24	"ela"
"ara"	0	24	"ela"
"ara"	0	24	"ela"
"ara"	0	24	"ela"
"ara"	0	24	"ela"
"ara"	0	25	"bjanb"
"ara"	0	25	"dakhl"
"ara"	0	25	"ela"
"ara"	0	25	"fy"
"ara"	0	25	"fy"
"ara"	0	25	"fy"
"ara"	0	26	"asfl"
"ara"	0	26	"asfl"
"ara"	0	26	"ela"
"ara"	0	26	"ela"
"ara"	0	26	"ela"
"ara"	0	26	"fy"
"ara"	0	26	"fy"
"ara"	0	26	"mn"
"ara"	0	26	"mn"
"ara"	0	27	"ela"
"ara"	0	27	"ela"
"ara"	0	27	"ela"
"ara"	0	27	"ela"
"ara"	0	27	"ela"
"ara"	0	27	"ela"
"ara"	0	27	"fy"
"ara"	0	27	"fy"
"ara"	0	27	"fy"
"ara"	0	28	"ela"
"ara"	0	28	"ela"
"ara"	0	28	"ela"
"ara"	0	28	"ela"
"ara"	0	28	"ela"
"ara"	0	28	"ela"
"ara"	0	28	"ela"
"ara"	0	28	"fwq"
"ara"	0	28	"fwq"
"ara"	0	28	"fwq"
"ara"	0	29	"ebr"
"ara"	0	30	"asfl"
"ara"	0	30	"asfl"
"ara"	0	30	"asfl"
"ara"	0	30	"isfl"
"ara"	0	30	"isfl"
"ara"	0	30	"tht"
"ara"	0	30	"tht"
"ara"	0	30	"tht"
"ara"	0	30	"tht"
"ara"	0	30	"tht"
"ara"	0	30	"tht"
"ara"	0	30	"tht"
"ara"	0	30	"tht"
"ara"	0	31	"dakhl"
"ara"	0	31	"dakhl"
"ara"	0	31	"dakhl"
"ara"	0	31	"dakhl"
"ara"	0	31	"dakhl"
"ara"	0	31	"fy"
"ara"	0	31	"fy"
"ara"	0	31	"fy"
"ara"	0	31	"fy"
"ara"	0	31	"fy"
"ara"	0	31	"fy"
"ara"	0	31	"fy"
"ara"	0	32	"ela"
"ara"	0	32	"ela"
"ara"	0	32	"ela"
"ara"	0	32	"ela"
"ara"	0	32	"ela"
"ara"	0	32	"ela"
"ara"	0	32	"ela"
"ara"	0	33	"ela"
"ara"	0	33	"ela"
"ara"	0	33	"ela"
"ara"	0	33	"ela"
"ara"	0	33	"ela"
"ara"	0	33	"ela"
"ara"	0	33	"ela"
"ara"	0	33	"fwq"
"ara"	0	33	"fwq"
"ara"	0	33	"fwq"
"ara"	0	33	"fwq"
"ara"	0	33	"fwq"
"ara"	0	33	"fwq"
"ara"	0	34	"ela"
"ara"	0	34	"ela"
"ara"	0	34	"ela"
"ara"	0	34	"ela"
"ara"	0	34	"ela"
"ara"	0	34	"ela"
"ara"	0	34	"ela"
"ara"	0	34	"fwq"
"ara"	0	34	"fy"
"ara"	0	34	"hwl"
"ara"	0	35	"ela"
"ara"	0	35	"ela"
"ara"	0	35	"fwq"
"ara"	0	35	"fwq"
"ara"	0	35	"fwq"
"ara"	0	35	"fwq"
"ara"	0	35	"fwq"
"ara"	0	35	"fwq"
"ara"	0	35	"fwq"
"ara"	0	35	"t'lw"
"ara"	0	36	"ela"
"ara"	0	36	"ela"
"ara"	0	36	"ela"
"ara"	0	36	"ela"
"ara"	0	36	"ela"
"ara"	0	36	"ela"
"ara"	0	36	"ela"
"ara"	0	36	"ela"
"ara"	0	36	"ela"
"ara"	0	36	"ela"
"ara"	0	36	"ela"
"ara"	0	37	"alaysar"
"ara"	0	37	"bjanb"
"ara"	0	37	"bjanb"
"ara"	0	37	"bjanb"
"ara"	0	37	"bjanb"
"ara"	0	37	"bjanb"
"ara"	0	37	"bjwar"
"ara"	0	37	"bjwar"
"ara"	0	37	"bjwar"
"ara"	0	37	"bjwar"
"ara"	0	37	"bjwar"
"ara"	0	37	"imam"
"ara"	0	37	"imam"
"ara"	0	37	"imam"
"ara"	0	38	"fy"
"ara"	0	38	"fy"
"ara"	0	38	"mn"
"ara"	0	39	"ela"
"ara"	0	39	"ela"
"ara"	0	39	"ela"
"ara"	0	39	"ela"
"ara"	0	39	"ela"
"ara"	0	39	"ela"
"ara"	0	39	"ela"
"ara"	0	39	"ela"
"ara"	0	39	"ela"
"ara"	0	39	"fwq"
"ara"	0	39	"fwq"
"ara"	0	39	"fwq"
"ara"	0	39	"fwq"
"ara"	0	40	"ela"
"ara"	0	40	"ela"
"ara"	0	40	"ela"
"ara"	0	40	"fy"
"ara"	0	40	"fy"
"ara"	0	40	"fy"
"ara"	0	40	"fy"
"ara"	0	40	"fy"
"ara"	0	41	"ela"
"ara"	0	41	"ela"
"ara"	0	41	"fwq"
"ara"	0	41	"hwl"
"ara"	0	41	"hwl"
"ara"	0	41	"hwl"
"ara"	0	41	"hwl"
"ara"	0	41	"hwl"
"ara"	0	42	"ela"
"ara"	0	42	"ela"
"ara"	0	42	"ela"
"ara"	0	42	"ela"
"ara"	0	42	"ela"
"ara"	0	42	"fwq"
"ara"	0	42	"fwq"
"ara"	0	42	"fwq"
"ara"	0	42	"fwq"
"ara"	0	42	"fwq"
"ara"	0	43	"ela"
"ara"	0	43	"ela"
"ara"	0	43	"ela"
"ara"	0	43	"ela"
"ara"	0	43	"ela"
"ara"	0	43	"ela"
"ara"	0	43	"ela"
"ara"	0	43	"ela"
"ara"	0	43	"ela"
"ara"	0	43	"ela"
"ara"	0	43	"ela"
"ara"	0	43	"ela"
"ara"	0	43	"ela"
"ara"	0	44	"ela"
"ara"	0	44	"ela"
"ara"	0	44	"ela"
"ara"	0	44	"mn"
"ara"	0	44	"mn"
"ara"	0	45	"ela"
"ara"	0	45	"ela"
"ara"	0	45	"ela"
"ara"	0	45	"ela"
"ara"	0	45	"fy"
"ara"	0	45	"hwl"
"ara"	0	45	"hwl"
"ara"	0	45	"hwl"
"ara"	0	45	"hwl"
"ara"	0	46	"dakhl"
"ara"	0	46	"dakhl"
"ara"	0	46	"ela"
"ara"	0	46	"fwq"
"ara"	0	46	"fwq"
"ara"	0	46	"fy"
"ara"	0	46	"fy"
"ara"	0	46	"fy"
"ara"	0	46	"fy"
"ara"	0	46	"fy"
"ara"	0	47	"ela"
"ara"	0	47	"ela"
"ara"	0	47	"fy"
"ara"	0	47	"fy"
"ara"	0	47	"khlf"
"ara"	0	48	"bjanb"
"ara"	0	48	"bjanb"
"ara"	0	48	"imam"
"ara"	0	48	"imam"
"ara"	0	48	"imam"
"ara"	0	48	"imam"
"ara"	0	48	"imam"
"ara"	0	48	"imam"
"ara"	0	48	"imam"
"ara"	0	48	"imam"
"ara"	0	48	"imam"
"ara"	0	48	"imam"
"ara"	0	49	"ela"
"ara"	0	49	"ela"
"ara"	0	49	"ela"
"ara"	0	49	"ela"
"ara"	0	49	"ela"
"ara"	0	49	"ela"
"ara"	0	49	"ela"
"ara"	0	49	"fy"
"ara"	0	49	"fy"
"ara"	0	49	"fy"
"ara"	0	49	"fy"
"ara"	0	50	"fy"
"ara"	0	50	"hwl"
"ara"	0	50	"hwl"
"ara"	0	50	"hwl"
"ara"	0	50	"hwl"
"ara"	0	50	"hwl"
"ara"	0	50	"hwl"
"ara"	0	51	"ela"
"ara"	0	51	"ela"
"ara"	0	51	"ela"
"ara"	0	51	"ela"
"ara"	0	51	"ela"
"ara"	0	51	"ela"
"ara"	0	51	"ela"
"ara"	0	51	"ela"
"ara"	0	51	"ela"
"ara"	0	52	"asfl"
"ara"	0	52	"asfl"
"ara"	0	52	"ela"
"ara"	0	52	"khlf"
"ara"	0	52	"mn"
"ara"	0	53	"dakhl"
"ara"	0	53	"dakhl"
"ara"	0	53	"dakhl"
"ara"	0	53	"dakhl"
"ara"	0	53	"dakhl"
"ara"	0	53	"dakhl"
"ara"	0	53	"dakhl"
"ara"	0	53	"dakhl"
"ara"	0	53	"dakhl"
"ara"	0	53	"fy"
"ara"	0	53	"fy"
"ara"	0	53	"fy"
"ara"	0	53	"fy"
"ara"	0	54	"ela"
"ara"	0	54	"ela"
"ara"	0	54	"ela"
"ara"	0	54	"hwl"
"ara"	0	54	"hwl"
"ara"	0	54	"hwl"
"ara"	0	54	"hwl"
"ara"	0	54	"hwl"
"ara"	0	54	"hwl"
"ara"	0	54	"hwl"
"ara"	0	54	"hwl"
"ara"	0	54	"hwl"
"ara"	0	54	"hwl"
"ara"	0	55	"ela"
"ara"	0	55	"ela"
"ara"	0	55	"ela"
"ara"	0	55	"ela"
"ara"	0	55	"ela"
"ara"	0	55	"ela"
"ara"	0	55	"fy"
"ara"	0	56	"fy"
"ara"	0	56	"fy"
"ara"	0	56	"fy"
"ara"	0	56	"fy"
"ara"	0	56	"mn"
"ara"	0	56	"mn"
"ara"	0	57	"ela"
"ara"	0	57	"ela"
"ara"	0	57	"ela"
"ara"	0	57	"ela"
"ara"	0	57	"ela"
"ara"	0	57	"ela"
"ara"	0	57	"ela"
"ara"	0	57	"ela"
"ara"	0	57	"ela"
"ara"	0	57	"ela"
"ara"	0	57	"ela"
"ara"	0	58	"ela"
"ara"	0	58	"ela"
"ara"	0	58	"ela"
"ara"	0	58	"ela"
"ara"	0	58	"ela"
"ara"	0	58	"ela"
"ara"	0	58	"ela"
"ara"	0	58	"ela"
"ara"	0	58	"ela"
"ara"	0	58	"ela"
"ara"	0	58	"fwq"
"ara"	0	58	"fwq"
"ara"	0	58	"fwq"
"ara"	0	58	"fwq"
"ara"	0	59	"fy"
"ara"	0	59	"fy"
"ara"	0	59	"wst"
"ara"	0	60	"ela"
"ara"	0	60	"fy"
"ara"	0	61	"ela"
"ara"	0	61	"ela"
"ara"	0	61	"ela"
"ara"	0	61	"ela"
"ara"	0	62	"fy"
"ara"	0	62	"fy"
"ara"	0	62	"fy"
"ara"	0	62	"fy"
"ara"	0	62	"fy"
"ara"	0	62	"mn"
"ara"	0	62	"mn"
"ara"	0	62	"mn"
"ara"	0	62	"mn"
"ara"	0	62	"mn"
"ara"	0	63	"khlf"
"ara"	0	63	"khlf"
"ara"	0	63	"khlf"
"ara"	0	63	"khlf"
"ara"	0	63	"khlf"
"ara"	0	63	"khlf"
"ara"	0	63	"khlf"
"ara"	0	63	"khlf"
"ara"	0	63	"khlf"
"ara"	0	63	"khlf"
"ara"	0	63	"khlf"
"ara"	0	63	"wraha"
"ara"	0	64	"a'la"
"ara"	0	64	"ela"
"ara"	0	64	"ela"
"ara"	0	64	"ela"
"ara"	0	64	"ela"
"ara"	0	64	"ela"
"ara"	0	64	"ela"
"ara"	0	64	"ela"
"ara"	0	64	"ela"
"ara"	0	64	"ela"
"ara"	0	64	"ela"
"ara"	0	64	"fwq"
"ara"	0	64	"fwq"
"ara"	0	65	"mn"
"ara"	0	66	"dakhl"
"ara"	0	66	"dakhl"
"ara"	0	66	"dakhl"
"ara"	0	66	"dakhl"
"ara"	0	66	"dakhl"
"ara"	0	66	"dakhl"
"ara"	0	66	"fy"
"ara"	0	66	"fy"
"ara"	0	66	"fy"
"ara"	0	66	"fy"
"ara"	0	66	"fy"
"ara"	0	67	"ela"
"ara"	0	67	"ela"
"ara"	0	67	"ela"
"ara"	0	67	"ela"
"ara"	0	67	"ela"
"ara"	0	67	"ela"
"ara"	0	67	"ela"
"ara"	0	67	"ela"
"ara"	0	67	"ela"
"ara"	0	68	"fy"
"ara"	0	68	"fy"
"ara"	0	68	"fy"
"ara"	0	68	"fy"
"ara"	0	68	"fy"
"ara"	0	68	"fy"
"ara"	0	68	"fy"
"ara"	0	68	"mn"
"ara"	0	68	"mn"
"ara"	0	69	"hwl"
"ara"	0	70	"dakhl"
"ara"	0	70	"dakhl"
"ara"	0	70	"dakhl"
"ara"	0	70	"dakhl"
"ara"	0	70	"dakhl"
"ara"	0	70	"dakhl"
"ara"	0	70	"fy"
"ara"	0	70	"fy"
"ara"	0	70	"fy"
"ara"	0	70	"fy"
"ara"	0	70	"fy"
"ara"	0	70	"fy"
"ara"	0	70	"fy"
"bas"	0	0	"gaine -an"
"bas"	0	0	"gaine -an"
"bas"	0	0	"gaine -an"
"bas"	0	1	"barru -an"
"bas"	0	1	"#NAME?"
"bas"	0	1	"#NAME?"
"bas"	0	2	"#NAME?"
"bas"	0	3	"#NAME?"
"bas"	0	5	"kanpo"
"bas"	0	5	"kanpo -an"
"bas"	0	5	"ondo -an"
"bas"	0	5	"ondo -an"
"bas"	0	6	"#NAME?"
"bas"	0	6	"#NAME?"
"bas"	0	6	"#NAME?"
"bas"	0	7	"gaine -an"
"bas"	0	7	"gaine -an"
"bas"	0	8	"#NAME?"
"bas"	0	9	"#NAME?"
"bas"	0	9	"#NAME?"
"bas"	0	10	"gaine -an"
"bas"	0	12	"gaine -an"
"bas"	0	12	"gaine -an"
"bas"	0	12	"gaine -an"
"bas"	0	13	"barru -tik"
"bas"	0	13	"barru -an"
"bas"	0	13	"barru -an"
"bas"	0	15	"azpi -an"
"bas"	0	15	"azpi -an"
"bas"	0	16	"erdi -an"
"bas"	0	16	"#NAME?"
"bas"	0	16	"#NAME?"
"bas"	0	17	"gaine -an"
"bas"	0	17	"#NAME?"
"bas"	0	18	"barru"
"bas"	0	18	"#NAME?"
"bas"	0	20	"#NAME?"
"bas"	0	20	"#NAME?"
"bas"	0	21	"#NAME?"
"bas"	0	21	"#NAME?"
"bas"	0	22	"gaine -tik"
"bas"	0	22	"gaine -tik"
"bas"	0	23	"azpi -an"
"bas"	0	23	"azpi -an"
"bas"	0	23	"pe -an"
"bas"	0	24	"#NAME?"
"bas"	0	24	"#NAME?"
"bas"	0	24	"#NAME?"
"bas"	0	25	"#NAME?"
"bas"	0	26	"#NAME?"
"bas"	0	26	"#NAME?"
"bas"	0	27	"barru -an"
"bas"	0	27	"#NAME?"
"bas"	0	27	"#NAME?"
"bas"	0	28	"gaine -an"
"bas"	0	30	"azpi -an"
"bas"	0	30	"azpi -an"
"bas"	0	30	"azpi -an"
"bas"	0	30	"azpi -an"
"bas"	0	31	"#NAME?"
"bas"	0	31	"barru -an"
"bas"	0	31	"#NAME?"
"bas"	0	33	"gaine -an"
"bas"	0	33	"#NAME?"
"bas"	0	33	"#NAME?"
"bas"	0	33	"#NAME?"
"bas"	0	34	"#NAME?"
"bas"	0	35	"gaine -an"
"bas"	0	35	"gaine -an"
"bas"	0	37	"#NAME?"
"bas"	0	37	"ondo -an"
"bas"	0	38	"barru -an"
"bas"	0	39	"gaine -an"
"bas"	0	39	"gaine -an"
"bas"	0	40	"#NAME?"
"bas"	0	40	"#NAME?"
"bas"	0	42	"gaine -tik"
"bas"	0	42	"gaine -tik"
"bas"	0	43	"#NAME?"
"bas"	0	43	"#NAME?"
"bas"	0	43	"#NAME?"
"bas"	0	44	"#NAME?"
"bas"	0	44	"#NAME?"
"bas"	0	44	"#NAME?"
"bas"	0	44	"#NAME?"
"bas"	0	45	"#NAME?"
"bas"	0	45	"#NAME?"
"bas"	0	45	"inguru -an"
"bas"	0	46	"barru -an"
"bas"	0	46	"barru -an"
"bas"	0	47	"gaine -an"
"bas"	0	48	"aurre -an"
"bas"	0	48	"aurre -an"
"bas"	0	48	"aurre -an"
"bas"	0	49	"#NAME?"
"bas"	0	50	"#NAME?"
"bas"	0	50	"#NAME?"
"bas"	0	51	"gaine -an"
"bas"	0	51	"#NAME?"
"bas"	0	51	"#NAME?"
"bas"	0	52	"azpi -an"
"bas"	0	52	"azpi -an"
"bas"	0	53	"barru -an"
"bas"	0	53	"barru -an"
"bas"	0	53	"#NAME?"
"bas"	0	54	"#NAME?"
"bas"	0	54	"inguru -an"
"bas"	0	55	"aurre -an"
"bas"	0	55	"aurre -an"
"bas"	0	55	"aurre -an"
"bas"	0	56	"#NAME?"
"bas"	0	57	"kontra"
"bas"	0	58	"gaine -an"
"bas"	0	58	"gaine -an"
"bas"	0	58	"#NAME?"
"bas"	0	59	"barru -an"
"bas"	0	59	"barru -an"
"bas"	0	59	"erdi -an"
"bas"	0	60	"#NAME?"
"bas"	0	61	"barru -an"
"bas"	0	62	"#NAME?"
"bas"	0	62	"#NAME?"
"bas"	0	62	"#NAME?"
"bas"	0	63	"atze -an"
"bas"	0	63	"atze -an"
"bas"	0	63	"atze -an"
"bas"	0	64	"gailure -an"
"bas"	0	64	"gaine -an"
"bas"	0	64	"gaine -an"
"bas"	0	66	"barru -an"
"bas"	0	66	"barru -an"
"bas"	0	66	"barru -an"
"bas"	0	66	"#NAME?"
"bas"	0	67	"#NAME?"
"bas"	0	67	"#NAME?"
"bas"	0	68	"#NAME?"
"bas"	0	68	"#NAME?"
"bas"	0	69	"#NAME?"
"bas"	0	70	"barru -an"
"bas"	0	70	"barru -an"
"bas"	0	70	"#NAME?"
"dut"	0	0	"op"
"dut"	0	0	"op"
"dut"	0	0	"op"
"dut"	0	0	"op"
"dut"	0	0	"op"
"dut"	0	0	"op"
"dut"	0	0	"op"
"dut"	0	0	"op"
"dut"	0	0	"op"
"dut"	0	0	"op"
"dut"	0	0	"op"
"dut"	0	0	"op"
"dut"	0	0	"op"
"dut"	0	0	"op"
"dut"	0	0	"op"
"dut"	0	1	"in"
"dut"	0	1	"in"
"dut"	0	1	"in"
"dut"	0	1	"in"
"dut"	0	1	"in"
"dut"	0	1	"in"
"dut"	0	1	"in"
"dut"	0	1	"in"
"dut"	0	1	"in"
"dut"	0	1	"in"
"dut"	0	1	"in"
"dut"	0	1	"in"
"dut"	0	1	"in"
"dut"	0	1	"in"
"dut"	0	1	"in"
"dut"	0	2	"op"
"dut"	0	2	"op"
"dut"	0	2	"op"
"dut"	0	2	"op"
"dut"	0	2	"op"
"dut"	0	2	"op"
"dut"	0	2	"op"
"dut"	0	2	"op"
"dut"	0	2	"op"
"dut"	0	2	"op"
"dut"	0	2	"op"
"dut"	0	3	"om"
"dut"	0	3	"om"
"dut"	0	3	"om"
"dut"	0	3	"om"
"dut"	0	3	"om"
"dut"	0	3	"om"
"dut"	0	3	"om"
"dut"	0	3	"om"
"dut"	0	3	"om"
"dut"	0	3	"om"
"dut"	0	3	"op"
"dut"	0	4	"op"
"dut"	0	4	"op"
"dut"	0	4	"op"
"dut"	0	4	"op"
"dut"	0	4	"op"
"dut"	0	4	"op"
"dut"	0	4	"op"
"dut"	0	4	"op"
"dut"	0	4	"op"
"dut"	0	4	"op"
"dut"	0	4	"op"
"dut"	0	5	"naast"
"dut"	0	5	"naast"
"dut"	0	5	"naast"
"dut"	0	5	"naast"
"dut"	0	5	"naast"
"dut"	0	5	"naast"
"dut"	0	5	"naast"
"dut"	0	5	"naast"
"dut"	0	5	"naast"
"dut"	0	5	"naast"
"dut"	0	5	"naast"
"dut"	0	5	"naast"
"dut"	0	5	"naast"
"dut"	0	5	"naast"
"dut"	0	6	"op"
"dut"	0	6	"op"
"dut"	0	6	"op"
"dut"	0	6	"op"
"dut"	0	6	"op"
"dut"	0	6	"op"
"dut"	0	6	"op"
"dut"	0	6	"op"
"dut"	0	6	"op"
"dut"	0	6	"op"
"dut"	0	6	"op"
"dut"	0	6	"op"
"dut"	0	6	"op"
"dut"	0	6	"tegen"
"dut"	0	7	"op"
"dut"	0	7	"op"
"dut"	0	7	"op"
"dut"	0	7	"op"
"dut"	0	7	"op"
"dut"	0	7	"op"
"dut"	0	7	"op"
"dut"	0	7	"op"
"dut"	0	7	"op"
"dut"	0	7	"op"
"dut"	0	7	"op"
"dut"	0	7	"op"
"dut"	0	7	"op"
"dut"	0	8	"aan"
"dut"	0	8	"aan"
"dut"	0	8	"aan"
"dut"	0	8	"aan"
"dut"	0	8	"aan"
"dut"	0	8	"aan"
"dut"	0	8	"aan"
"dut"	0	8	"aan"
"dut"	0	8	"aan"
"dut"	0	8	"aan"
"dut"	0	8	"aan"
"dut"	0	8	"aan"
"dut"	0	8	"aan"
"dut"	0	8	"aan"
"dut"	0	9	"aan"
"dut"	0	9	"aan"
"dut"	0	9	"om"
"dut"	0	9	"om"
"dut"	0	9	"om"
"dut"	0	9	"om"
"dut"	0	9	"om"
"dut"	0	9	"om"
"dut"	0	9	"om"
"dut"	0	9	"om"
"dut"	0	9	"om"
"dut"	0	9	"om"
"dut"	0	9	"om"
"dut"	0	10	"in"
"dut"	0	10	"in"
"dut"	0	10	"in"
"dut"	0	10	"op"
"dut"	0	10	"op"
"dut"	0	10	"op"
"dut"	0	10	"op"
"dut"	0	10	"op"
"dut"	0	10	"op"
"dut"	0	10	"op"
"dut"	0	10	"over"
"dut"	0	10	"over"
"dut"	0	11	"aan"
"dut"	0	11	"om"
"dut"	0	11	"op"
"dut"	0	11	"op"
"dut"	0	11	"op"
"dut"	0	11	"op"
"dut"	0	12	"boven"
"dut"	0	12	"boven"
"dut"	0	12	"boven"
"dut"	0	12	"boven"
"dut"	0	12	"boven"
"dut"	0	12	"boven"
"dut"	0	12	"boven"
"dut"	0	12	"boven"
"dut"	0	12	"boven"
"dut"	0	12	"boven"
"dut"	0	12	"boven"
"dut"	0	12	"boven"
"dut"	0	12	"boven"
"dut"	0	12	"boven"
"dut"	0	12	"boven"
"dut"	0	13	"in"
"dut"	0	13	"in"
"dut"	0	13	"in"
"dut"	0	13	"in"
"dut"	0	13	"in"
"dut"	0	13	"in"
"dut"	0	13	"in"
"dut"	0	13	"in"
"dut"	0	13	"in"
"dut"	0	13	"in"
"dut"	0	13	"in"
"dut"	0	13	"in"
"dut"	0	13	"in"
"dut"	0	13	"in"
"dut"	0	14	"om"
"dut"	0	14	"om"
"dut"	0	14	"om"
"dut"	0	14	"om"
"dut"	0	14	"om"
"dut"	0	14	"om"
"dut"	0	14	"om"
"dut"	0	14	"om"
"dut"	0	14	"om"
"dut"	0	14	"om"
"dut"	0	14	"om"
"dut"	0	14	"om"
"dut"	0	14	"rond"
"dut"	0	15	"onder"
"dut"	0	15	"onder"
"dut"	0	15	"onder"
"dut"	0	15	"onder"
"dut"	0	15	"onder"
"dut"	0	15	"onder"
"dut"	0	15	"onder"
"dut"	0	15	"onder"
"dut"	0	15	"onder"
"dut"	0	15	"onder"
"dut"	0	15	"onder"
"dut"	0	15	"onder"
"dut"	0	15	"onder"
"dut"	0	15	"onder"
"dut"	0	16	"aan"
"dut"	0	16	"halverwege"
"dut"	0	16	"halverwege"
"dut"	0	16	"onderaan"
"dut"	0	16	"op"
"dut"	0	16	"op"
"dut"	0	16	"op"
"dut"	0	16	"op"
"dut"	0	16	"op"
"dut"	0	16	"op"
"dut"	0	16	"op"
"dut"	0	16	"op"
"dut"	0	16	"op"
"dut"	0	16	"op"
"dut"	0	17	"in"
"dut"	0	17	"in"
"dut"	0	17	"in"
"dut"	0	17	"in"
"dut"	0	17	"op"
"dut"	0	18	"in"
"dut"	0	18	"in"
"dut"	0	18	"in"
"dut"	0	19	"aan"
"dut"	0	19	"aan"
"dut"	0	19	"aan"
"dut"	0	19	"aan"
"dut"	0	19	"aan"
"dut"	0	19	"aan"
"dut"	0	19	"aan"
"dut"	0	19	"aan"
"dut"	0	19	"aan"
"dut"	0	19	"aan"
"dut"	0	19	"aan"
"dut"	0	19	"aan"
"dut"	0	19	"aan"
"dut"	0	19	"aan"
"dut"	0	20	"aan"
"dut"	0	20	"aan"
"dut"	0	20	"aan"
"dut"	0	20	"aan"
"dut"	0	20	"aan"
"dut"	0	20	"aan"
"dut"	0	20	"aan"
"dut"	0	20	"aan"
"dut"	0	20	"aan"
"dut"	0	20	"aan"
"dut"	0	20	"aan"
"dut"	0	21	"aan"
"dut"	0	21	"aan"
"dut"	0	21	"op"
"dut"	0	21	"op"
"dut"	0	21	"op"
"dut"	0	21	"op"
"dut"	0	21	"op"
"dut"	0	21	"op"
"dut"	0	21	"op"
"dut"	0	21	"op"
"dut"	0	21	"op"
"dut"	0	21	"op"
"dut"	0	21	"op"
"dut"	0	21	"op"
"dut"	0	22	"om"
"dut"	0	22	"op"
"dut"	0	22	"op"
"dut"	0	22	"op"
"dut"	0	22	"op"
"dut"	0	22	"op"
"dut"	0	22	"op"
"dut"	0	22	"op"
"dut"	0	22	"op"
"dut"	0	22	"op"
"dut"	0	22	"op"
"dut"	0	22	"op"
"dut"	0	22	"op"
"dut"	0	22	"op"
"dut"	0	23	"onder"
"dut"	0	23	"onder"
"dut"	0	23	"onder"
"dut"	0	23	"onder"
"dut"	0	23	"onder"
"dut"	0	23	"onder"
"dut"	0	23	"onder"
"dut"	0	23	"onder"
"dut"	0	23	"onder"
"dut"	0	23	"onder"
"dut"	0	23	"onder"
"dut"	0	23	"onder"
"dut"	0	23	"onder"
"dut"	0	24	"aan"
"dut"	0	24	"aan"
"dut"	0	24	"aan"
"dut"	0	24	"aan"
"dut"	0	24	"aan"
"dut"	0	24	"aan"
"dut"	0	24	"aan"
"dut"	0	24	"aan"
"dut"	0	24	"aan"
"dut"	0	24	"aan"
"dut"	0	24	"aan"
"dut"	0	24	"aan"
"dut"	0	24	"aan"
"dut"	0	24	"aan"
"dut"	0	25	"in"
"dut"	0	25	"in"
"dut"	0	25	"in"
"dut"	0	25	"in"
"dut"	0	25	"in"
"dut"	0	25	"in"
"dut"	0	25	"in"
"dut"	0	25	"in"
"dut"	0	25	"in"
"dut"	0	25	"in"
"dut"	0	25	"in"
"dut"	0	25	"in"
"dut"	0	26	"aan"
"dut"	0	26	"aan"
"dut"	0	26	"aan"
"dut"	0	26	"aan"
"dut"	0	26	"aan"
"dut"	0	26	"aan"
"dut"	0	26	"aan"
"dut"	0	26	"aan"
"dut"	0	26	"aan"
"dut"	0	26	"aan"
"dut"	0	26	"aan"
"dut"	0	26	"aan"
"dut"	0	26	"aan"
"dut"	0	26	"aan"
"dut"	0	27	"aan"
"dut"	0	27	"op"
"dut"	0	27	"op"
"dut"	0	27	"op"
"dut"	0	27	"op"
"dut"	0	27	"op"
"dut"	0	27	"op"
"dut"	0	27	"op"
"dut"	0	27	"op"
"dut"	0	27	"op"
"dut"	0	27	"op"
"dut"	0	28	"om"
"dut"	0	28	"op"
"dut"	0	28	"op"
"dut"	0	28	"op"
"dut"	0	28	"op"
"dut"	0	28	"op"
"dut"	0	28	"op"
"dut"	0	28	"op"
"dut"	0	28	"over"
"dut"	0	28	"over"
"dut"	0	28	"over"
"dut"	0	28	"over"
"dut"	0	29	"door"
"dut"	0	29	"door"
"dut"	0	29	"door"
"dut"	0	29	"door"
"dut"	0	29	"door"
"dut"	0	29	"door"
"dut"	0	29	"door"
"dut"	0	29	"door"
"dut"	0	29	"door"
"dut"	0	29	"door"
"dut"	0	29	"door"
"dut"	0	29	"door"
"dut"	0	29	"door"
"dut"	0	30	"onder"
"dut"	0	30	"onder"
"dut"	0	30	"onder"
"dut"	0	30	"onder"
"dut"	0	30	"onder"
"dut"	0	30	"onder"
"dut"	0	30	"onder"
"dut"	0	30	"onder"
"dut"	0	30	"onder"
"dut"	0	30	"onder"
"dut"	0	30	"onder"
"dut"	0	30	"onder"
"dut"	0	30	"onder"
"dut"	0	30	"onder"
"dut"	0	31	"in"
"dut"	0	31	"in"
"dut"	0	31	"in"
"dut"	0	31	"in"
"dut"	0	31	"in"
"dut"	0	31	"in"
"dut"	0	31	"in"
"dut"	0	31	"in"
"dut"	0	31	"in"
"dut"	0	31	"in"
"dut"	0	31	"in"
"dut"	0	31	"in"
"dut"	0	31	"in"
"dut"	0	31	"in"
"dut"	0	32	"aan"
"dut"	0	32	"aan"
"dut"	0	32	"aan"
"dut"	0	32	"aan"
"dut"	0	32	"aan"
"dut"	0	32	"aan"
"dut"	0	32	"aan"
"dut"	0	32	"aan"
"dut"	0	32	"op"
"dut"	0	32	"op"
"dut"	0	33	"op"
"dut"	0	33	"op"
"dut"	0	33	"op"
"dut"	0	33	"op"
"dut"	0	33	"op"
"dut"	0	33	"op"
"dut"	0	33	"op"
"dut"	0	33	"op"
"dut"	0	33	"op"
"dut"	0	33	"op"
"dut"	0	33	"op"
"dut"	0	33	"op"
"dut"	0	33	"op"
"dut"	0	33	"op"
"dut"	0	34	"aan"
"dut"	0	34	"om"
"dut"	0	34	"op"
"dut"	0	34	"op"
"dut"	0	34	"op"
"dut"	0	34	"op"
"dut"	0	34	"op"
"dut"	0	34	"op"
"dut"	0	34	"op"
"dut"	0	34	"op"
"dut"	0	34	"op"
"dut"	0	34	"op"
"dut"	0	35	"boven"
"dut"	0	35	"boven"
"dut"	0	35	"boven"
"dut"	0	35	"boven"
"dut"	0	35	"boven"
"dut"	0	35	"boven"
"dut"	0	35	"boven"
"dut"	0	35	"boven"
"dut"	0	35	"boven"
"dut"	0	35	"boven"
"dut"	0	35	"boven"
"dut"	0	35	"boven"
"dut"	0	35	"boven"
"dut"	0	35	"boven"
"dut"	0	36	"aan"
"dut"	0	36	"aan"
"dut"	0	36	"aan"
"dut"	0	36	"aan"
"dut"	0	36	"aan"
"dut"	0	36	"aan"
"dut"	0	36	"aan"
"dut"	0	36	"aan"
"dut"	0	36	"aan"
"dut"	0	36	"aan"
"dut"	0	36	"aan"
"dut"	0	36	"aan"
"dut"	0	36	"aan"
"dut"	0	37	"bij"
"dut"	0	37	"bij"
"dut"	0	37	"bij"
"dut"	0	37	"bij"
"dut"	0	37	"naast"
"dut"	0	37	"naast"
"dut"	0	37	"naast"
"dut"	0	37	"naast"
"dut"	0	37	"naast"
"dut"	0	37	"naast"
"dut"	0	37	"naast"
"dut"	0	37	"naast"
"dut"	0	37	"naast"
"dut"	0	37	"naast"
"dut"	0	38	"in"
"dut"	0	38	"in"
"dut"	0	38	"in"
"dut"	0	38	"in"
"dut"	0	38	"in"
"dut"	0	38	"in"
"dut"	0	38	"in"
"dut"	0	39	"op"
"dut"	0	39	"op"
"dut"	0	39	"op"
"dut"	0	39	"op"
"dut"	0	39	"op"
"dut"	0	39	"op"
"dut"	0	39	"op"
"dut"	0	39	"op"
"dut"	0	39	"op"
"dut"	0	39	"op"
"dut"	0	39	"op"
"dut"	0	39	"op"
"dut"	0	39	"op"
"dut"	0	39	"op"
"dut"	0	40	"aan"
"dut"	0	40	"aan"
"dut"	0	40	"aan"
"dut"	0	40	"aan"
"dut"	0	40	"aan"
"dut"	0	40	"aan"
"dut"	0	40	"aan"
"dut"	0	40	"aan"
"dut"	0	40	"aan"
"dut"	0	40	"aan"
"dut"	0	40	"aan"
"dut"	0	40	"aan"
"dut"	0	40	"aan"
"dut"	0	40	"aan"
"dut"	0	40	"aan"
"dut"	0	41	"om"
"dut"	0	41	"om"
"dut"	0	41	"om"
"dut"	0	41	"om"
"dut"	0	41	"om"
"dut"	0	41	"om"
"dut"	0	41	"om"
"dut"	0	41	"om"
"dut"	0	41	"om"
"dut"	0	41	"om"
"dut"	0	41	"rond"
"dut"	0	42	"op"
"dut"	0	42	"op"
"dut"	0	42	"op"
"dut"	0	42	"over"
"dut"	0	42	"over"
"dut"	0	42	"over"
"dut"	0	42	"over"
"dut"	0	42	"over"
"dut"	0	42	"over"
"dut"	0	42	"over"
"dut"	0	42	"over"
"dut"	0	42	"over"
"dut"	0	42	"over"
"dut"	0	43	"aan"
"dut"	0	43	"aan"
"dut"	0	43	"aan"
"dut"	0	43	"aan"
"dut"	0	43	"aan"
"dut"	0	43	"aan"
"dut"	0	43	"aan"
"dut"	0	43	"aan"
"dut"	0	43	"aan"
"dut"	0	43	"aan"
"dut"	0	43	"aan"
"dut"	0	43	"aan"
"dut"	0	43	"aan"
"dut"	0	43	"op"
"dut"	0	43	"op"
"dut"	0	44	"aan"
"dut"	0	44	"aan"
"dut"	0	44	"aan"
"dut"	0	44	"aan"
"dut"	0	44	"aan"
"dut"	0	44	"aan"
"dut"	0	44	"aan"
"dut"	0	44	"in"
"dut"	0	44	"in"
"dut"	0	44	"in"
"dut"	0	44	"in"
"dut"	0	45	"om"
"dut"	0	45	"om"
"dut"	0	45	"om"
"dut"	0	45	"om"
"dut"	0	45	"om"
"dut"	0	45	"om"
"dut"	0	45	"om"
"dut"	0	45	"om"
"dut"	0	45	"op"
"dut"	0	46	"in"
"dut"	0	46	"in"
"dut"	0	46	"in"
"dut"	0	46	"in"
"dut"	0	46	"in"
"dut"	0	46	"in"
"dut"	0	46	"in"
"dut"	0	46	"in"
"dut"	0	46	"in"
"dut"	0	46	"in"
"dut"	0	46	"in"
"dut"	0	46	"in"
"dut"	0	46	"in"
"dut"	0	46	"in"
"dut"	0	47	"aan"
"dut"	0	47	"op"
"dut"	0	47	"op"
"dut"	0	47	"op"
"dut"	0	47	"op"
"dut"	0	47	"op"
"dut"	0	47	"op"
"dut"	0	47	"op"
"dut"	0	47	"tegen"
"dut"	0	47	"tegen"
"dut"	0	48	"naast"
"dut"	0	48	"naast"
"dut"	0	48	"naast"
"dut"	0	48	"voor"
"dut"	0	48	"voor"
"dut"	0	48	"voor"
"dut"	0	48	"voor"
"dut"	0	48	"voor"
"dut"	0	49	"aan"
"dut"	0	49	"aan"
"dut"	0	49	"aan"
"dut"	0	49	"aan"
"dut"	0	49	"aan"
"dut"	0	49	"aan"
"dut"	0	49	"aan"
"dut"	0	49	"in"
"dut"	0	49	"in"
"dut"	0	49	"in"
"dut"	0	49	"in"
"dut"	0	50	"om"
"dut"	0	50	"om"
"dut"	0	50	"om"
"dut"	0	50	"om"
"dut"	0	50	"om"
"dut"	0	50	"om"
"dut"	0	50	"om"
"dut"	0	50	"om"
"dut"	0	50	"om"
"dut"	0	50	"om"
"dut"	0	51	"op"
"dut"	0	51	"op"
"dut"	0	51	"op"
"dut"	0	51	"op"
"dut"	0	51	"op"
"dut"	0	51	"op"
"dut"	0	51	"op"
"dut"	0	51	"op"
"dut"	0	51	"op"
"dut"	0	51	"op"
"dut"	0	51	"op"
"dut"	0	51	"op"
"dut"	0	51	"op"
"dut"	0	51	"over"
"dut"	0	52	"aan"
"dut"	0	52	"onder"
"dut"	0	52	"onder"
"dut"	0	52	"onder"
"dut"	0	52	"onder"
"dut"	0	52	"onder"
"dut"	0	52	"onderaan"
"dut"	0	53	"in"
"dut"	0	53	"in"
"dut"	0	53	"in"
"dut"	0	53	"in"
"dut"	0	53	"in"
"dut"	0	53	"in"
"dut"	0	53	"in"
"dut"	0	53	"in"
"dut"	0	53	"in"
"dut"	0	53	"in"
"dut"	0	53	"in"
"dut"	0	53	"in"
"dut"	0	54	"om"
"dut"	0	54	"om"
"dut"	0	54	"om"
"dut"	0	54	"om"
"dut"	0	54	"om"
"dut"	0	54	"om"
"dut"	0	54	"om"
"dut"	0	54	"om"
"dut"	0	54	"om"
"dut"	0	54	"om"
"dut"	0	54	"om"
"dut"	0	54	"om"
"dut"	0	54	"om"
"dut"	0	54	"om"
"dut"	0	55	"aan"
"dut"	0	55	"aan"
"dut"	0	55	"aan"
"dut"	0	55	"aan"
"dut"	0	55	"aan"
"dut"	0	55	"aan"
"dut"	0	55	"aan"
"dut"	0	55	"aan"
"dut"	0	55	"aan"
"dut"	0	55	"in"
"dut"	0	56	"aan"
"dut"	0	56	"aan"
"dut"	0	56	"aan"
"dut"	0	56	"aan"
"dut"	0	56	"aan"
"dut"	0	56	"aan"
"dut"	0	56	"aan"
"dut"	0	56	"aan"
"dut"	0	56	"aan"
"dut"	0	56	"aan"
"dut"	0	56	"aan"
"dut"	0	57	"tegen"
"dut"	0	57	"tegen"
"dut"	0	57	"tegen"
"dut"	0	57	"tegen"
"dut"	0	57	"tegen"
"dut"	0	57	"tegen"
"dut"	0	57	"tegen"
"dut"	0	57	"tegen"
"dut"	0	57	"tegen"
"dut"	0	57	"tegen"
"dut"	0	57	"tegen"
"dut"	0	57	"tegen"
"dut"	0	57	"tegen"
"dut"	0	57	"tegen"
"dut"	0	58	"op"
"dut"	0	58	"op"
"dut"	0	58	"op"
"dut"	0	58	"op"
"dut"	0	58	"op"
"dut"	0	58	"op"
"dut"	0	58	"op"
"dut"	0	58	"op"
"dut"	0	58	"op"
"dut"	0	58	"op"
"dut"	0	58	"op"
"dut"	0	58	"op"
"dut"	0	58	"op"
"dut"	0	58	"op"
"dut"	0	59	"binnen"
"dut"	0	59	"binnen"
"dut"	0	59	"binnen"
"dut"	0	59	"in"
"dut"	0	59	"in"
"dut"	0	60	"aan"
"dut"	0	60	"aan"
"dut"	0	60	"aan"
"dut"	0	60	"aan"
"dut"	0	60	"aan"
"dut"	0	60	"op"
"dut"	0	60	"op"
"dut"	0	61	"in"
"dut"	0	61	"in"
"dut"	0	61	"in"
"dut"	0	61	"in"
"dut"	0	61	"in"
"dut"	0	61	"in"
"dut"	0	61	"in"
"dut"	0	61	"om"
"dut"	0	61	"om"
"dut"	0	61	"op"
"dut"	0	61	"op"
"dut"	0	61	"op"
"dut"	0	62	"aan"
"dut"	0	62	"aan"
"dut"	0	62	"aan"
"dut"	0	62	"aan"
"dut"	0	62	"aan"
"dut"	0	62	"aan"
"dut"	0	62	"aan"
"dut"	0	62	"aan"
"dut"	0	62	"aan"
"dut"	0	62	"aan"
"dut"	0	62	"aan"
"dut"	0	62	"aan"
"dut"	0	62	"aan"
"dut"	0	63	"achter"
"dut"	0	63	"achter"
"dut"	0	63	"achter"
"dut"	0	63	"achter"
"dut"	0	63	"achter"
"dut"	0	63	"achter"
"dut"	0	63	"achter"
"dut"	0	63	"achter"
"dut"	0	63	"achter"
"dut"	0	63	"achter"
"dut"	0	63	"achter"
"dut"	0	63	"achter"
"dut"	0	63	"achter"
"dut"	0	64	"op"
"dut"	0	64	"op"
"dut"	0	64	"op"
"dut"	0	64	"op"
"dut"	0	64	"op"
"dut"	0	64	"op"
"dut"	0	64	"op"
"dut"	0	64	"op"
"dut"	0	64	"op"
"dut"	0	64	"op"
"dut"	0	64	"op"
"dut"	0	64	"op"
"dut"	0	64	"op"
"dut"	0	64	"op"
"dut"	0	65	"aan"
"dut"	0	65	"aan"
"dut"	0	65	"aan"
"dut"	0	65	"aan"
"dut"	0	65	"aan"
"dut"	0	65	"buiten"
"dut"	0	66	"in"
"dut"	0	66	"in"
"dut"	0	66	"in"
"dut"	0	66	"in"
"dut"	0	66	"in"
"dut"	0	66	"in"
"dut"	0	66	"in"
"dut"	0	66	"in"
"dut"	0	66	"in"
"dut"	0	66	"in"
"dut"	0	66	"in"
"dut"	0	66	"in"
"dut"	0	67	"op"
"dut"	0	67	"op"
"dut"	0	67	"op"
"dut"	0	67	"op"
"dut"	0	67	"op"
"dut"	0	67	"op"
"dut"	0	67	"op"
"dut"	0	67	"op"
"dut"	0	67	"op"
"dut"	0	67	"op"
"dut"	0	67	"op"
"dut"	0	68	"aan"
"dut"	0	68	"door"
"dut"	0	68	"in"
"dut"	0	68	"in"
"dut"	0	68	"in"
"dut"	0	68	"in"
"dut"	0	68	"in"
"dut"	0	68	"in"
"dut"	0	68	"in"
"dut"	0	68	"in"
"dut"	0	68	"in"
"dut"	0	68	"in"
"dut"	0	69	"aan"
"dut"	0	69	"aan"
"dut"	0	69	"aan"
"dut"	0	69	"aan"
"dut"	0	69	"aan"
"dut"	0	69	"om"
"dut"	0	70	"in"
"dut"	0	70	"in"
"dut"	0	70	"in"
"dut"	0	70	"in"
"dut"	0	70	"in"
"dut"	0	70	"in"
"dut"	0	70	"in"
"dut"	0	70	"in"
"dut"	0	70	"in"
"dut"	0	70	"in"
"dut"	0	70	"in"
"dut"	0	70	"in"
"dut"	0	70	"in"
"dut"	0	70	"in"
"dut"	0	70	"in"
"ind"	0	0	"di atas"
"ind"	0	0	"di atas"
"ind"	0	0	"di atas"
"ind"	0	0	"di atas"
"ind"	0	0	"di atas"
"ind"	0	0	"di atas"
"ind"	0	0	"di atas"
"ind"	0	0	"di atas"
"ind"	0	0	"di atas"
"ind"	0	0	"di atas"
"ind"	0	0	"di atas"
"ind"	0	0	"di atas"
"ind"	0	0	"di atas"
"ind"	0	1	"dalam"
"ind"	0	1	"di dalam"
"ind"	0	1	"di dalam"
"ind"	0	1	"di dalam"
"ind"	0	1	"di dalam"
"ind"	0	1	"di dalam"
"ind"	0	1	"di dalam"
"ind"	0	1	"di dalam"
"ind"	0	1	"di dalam"
"ind"	0	1	"di dalam"
"ind"	0	1	"di dalam"
"ind"	0	1	"di dasar"
"ind"	0	2	"di"
"ind"	0	2	"di"
"ind"	0	2	"di"
"ind"	0	2	"di"
"ind"	0	2	"di"
"ind"	0	2	"di"
"ind"	0	2	"di atas"
"ind"	0	2	"di atas"
"ind"	0	2	"pada"
"ind"	0	2	"pada"
"ind"	0	3	"di"
"ind"	0	3	"di"
"ind"	0	3	"di"
"ind"	0	3	"di"
"ind"	0	3	"di"
"ind"	0	3	"pada"
"ind"	0	4	"di"
"ind"	0	4	"di"
"ind"	0	4	"di atas"
"ind"	0	4	"di atas"
"ind"	0	4	"di atas"
"ind"	0	5	"di depan"
"ind"	0	5	"di luar"
"ind"	0	5	"di luar"
"ind"	0	5	"di luar"
"ind"	0	5	"di samping"
"ind"	0	5	"di samping"
"ind"	0	5	"di samping"
"ind"	0	5	"di samping"
"ind"	0	5	"di samping"
"ind"	0	5	"di samping"
"ind"	0	5	"di sebelah"
"ind"	0	5	"di sebelah"
"ind"	0	5	"di sisi"
"ind"	0	6	"di"
"ind"	0	6	"di"
"ind"	0	6	"di"
"ind"	0	6	"di"
"ind"	0	6	"di"
"ind"	0	6	"di"
"ind"	0	6	"di"
"ind"	0	6	"di"
"ind"	0	6	"di"
"ind"	0	6	"di"
"ind"	0	6	"di"
"ind"	0	6	"di"
"ind"	0	6	"di dalam"
"ind"	0	6	"di dalam"
"ind"	0	7	"di"
"ind"	0	7	"di"
"ind"	0	7	"di"
"ind"	0	7	"di"
"ind"	0	7	"di"
"ind"	0	7	"di"
"ind"	0	7	"di atas"
"ind"	0	7	"di atas"
"ind"	0	7	"di atas"
"ind"	0	7	"di atas"
"ind"	0	7	"di atas"
"ind"	0	7	"di atas"
"ind"	0	7	"di atas"
"ind"	0	8	"di"
"ind"	0	8	"di"
"ind"	0	8	"di"
"ind"	0	8	"di"
"ind"	0	8	"di"
"ind"	0	8	"di"
"ind"	0	8	"pada"
"ind"	0	9	"di"
"ind"	0	9	"di"
"ind"	0	9	"di"
"ind"	0	9	"di"
"ind"	0	9	"di"
"ind"	0	9	"di"
"ind"	0	9	"di"
"ind"	0	9	"di"
"ind"	0	9	"di"
"ind"	0	9	"di"
"ind"	0	9	"di"
"ind"	0	10	"di"
"ind"	0	10	"di"
"ind"	0	10	"di"
"ind"	0	10	"di"
"ind"	0	10	"di"
"ind"	0	10	"di atas"
"ind"	0	10	"di atas"
"ind"	0	10	"di atas"
"ind"	0	10	"di atas"
"ind"	0	10	"di tengah"
"ind"	0	10	"di tengah"
"ind"	0	11	"di"
"ind"	0	11	"di"
"ind"	0	11	"di"
"ind"	0	11	"di atas"
"ind"	0	11	"di atas"
"ind"	0	11	"di tengah"
"ind"	0	11	"pada"
"ind"	0	12	"di atas"
"ind"	0	12	"di atas"
"ind"	0	12	"di atas"
"ind"	0	12	"di atas"
"ind"	0	12	"di atas"
"ind"	0	12	"di atas"
"ind"	0	12	"di atas"
"ind"	0	12	"di atas"
"ind"	0	12	"di atas"
"ind"	0	12	"di atas"
"ind"	0	13	"dalam"
"ind"	0	13	"dalam"
"ind"	0	13	"di"
"ind"	0	13	"di"
"ind"	0	13	"di dalam"
"ind"	0	13	"di dalam"
"ind"	0	13	"di dalam"
"ind"	0	13	"di dalam"
"ind"	0	13	"di dalam"
"ind"	0	13	"di dalam"
"ind"	0	14	"di sekeliling"
"ind"	0	15	"di bawah"
"ind"	0	15	"di bawah"
"ind"	0	15	"di bawah"
"ind"	0	15	"di bawah"
"ind"	0	15	"di bawah"
"ind"	0	15	"di bawah"
"ind"	0	15	"di bawah"
"ind"	0	15	"di bawah"
"ind"	0	15	"di bawah"
"ind"	0	15	"di bawah"
"ind"	0	15	"di bawah"
"ind"	0	15	"di bawah"
"ind"	0	15	"di bawah"
"ind"	0	15	"di kolong"
"ind"	0	16	"di"
"ind"	0	16	"di"
"ind"	0	16	"di atas"
"ind"	0	16	"di atas"
"ind"	0	16	"di lereng"
"ind"	0	16	"di lereng"
"ind"	0	16	"di lereng"
"ind"	0	16	"di lereng"
"ind"	0	16	"di lereng"
"ind"	0	16	"di lereng"
"ind"	0	16	"di lereng"
"ind"	0	16	"di pinggir"
"ind"	0	16	"di sisi"
"ind"	0	16	"di tengah"
"ind"	0	17	"dari"
"ind"	0	17	"di"
"ind"	0	17	"di"
"ind"	0	17	"di"
"ind"	0	17	"di"
"ind"	0	17	"pada"
"ind"	0	18	"di"
"ind"	0	18	"di atas"
"ind"	0	18	"di atas"
"ind"	0	18	"di atas"
"ind"	0	18	"di atas"
"ind"	0	18	"di atas"
"ind"	0	18	"di atas"
"ind"	0	18	"di atas"
"ind"	0	18	"di dalam"
"ind"	0	18	"di dalam"
"ind"	0	18	"di tengah"
"ind"	0	18	"di tengah"
"ind"	0	19	"di"
"ind"	0	19	"di"
"ind"	0	19	"di"
"ind"	0	19	"di"
"ind"	0	19	"di"
"ind"	0	19	"di"
"ind"	0	19	"di"
"ind"	0	19	"di"
"ind"	0	19	"ke"
"ind"	0	19	"pada"
"ind"	0	19	"pada"
"ind"	0	19	"pada"
"ind"	0	19	"pada"
"ind"	0	20	"di"
"ind"	0	20	"di"
"ind"	0	21	"di"
"ind"	0	21	"di"
"ind"	0	21	"di"
"ind"	0	21	"di"
"ind"	0	22	"di"
"ind"	0	22	"di atas"
"ind"	0	22	"di atas"
"ind"	0	22	"di atas"
"ind"	0	22	"di atas"
"ind"	0	22	"di atas"
"ind"	0	22	"di atas"
"ind"	0	22	"di atas"
"ind"	0	22	"di atas"
"ind"	0	22	"di atas"
"ind"	0	22	"di atas"
"ind"	0	22	"di atas"
"ind"	0	23	"di bawah"
"ind"	0	23	"di bawah"
"ind"	0	23	"di bawah"
"ind"	0	23	"di bawah"
"ind"	0	23	"di bawah"
"ind"	0	24	"di"
"ind"	0	24	"di"
"ind"	0	24	"di"
"ind"	0	24	"di"
"ind"	0	24	"di"
"ind"	0	24	"di"
"ind"	0	24	"di"
"ind"	0	24	"di"
"ind"	0	24	"di"
"ind"	0	24	"di"
"ind"	0	24	"pada"
"ind"	0	25	"di"
"ind"	0	25	"di"
"ind"	0	25	"di"
"ind"	0	25	"di dalam"
"ind"	0	25	"di sisi"
"ind"	0	26	"di"
"ind"	0	26	"di"
"ind"	0	26	"di"
"ind"	0	26	"di"
"ind"	0	26	"di"
"ind"	0	26	"di"
"ind"	0	26	"di"
"ind"	0	26	"di"
"ind"	0	26	"di"
"ind"	0	26	"di"
"ind"	0	26	"di"
"ind"	0	26	"di"
"ind"	0	26	"di"
"ind"	0	27	"di"
"ind"	0	27	"di"
"ind"	0	27	"di"
"ind"	0	27	"di"
"ind"	0	27	"di"
"ind"	0	27	"di atas"
"ind"	0	27	"di atas"
"ind"	0	27	"di dalam"
"ind"	0	27	"pada"
"ind"	0	28	"di atas"
"ind"	0	28	"di atas"
"ind"	0	28	"di atas"
"ind"	0	29	"di"
"ind"	0	30	"di bawah"
"ind"	0	30	"di bawah"
"ind"	0	30	"di bawah"
"ind"	0	30	"di bawah"
"ind"	0	30	"di bawah"
"ind"	0	30	"di bawah"
"ind"	0	30	"di bawah"
"ind"	0	30	"di bawah"
"ind"	0	30	"di bawah"
"ind"	0	30	"di bawah"
"ind"	0	30	"di bawah"
"ind"	0	30	"di bawah"
"ind"	0	30	"di bawah"
"ind"	0	30	"di bawah"
"ind"	0	31	"dalam"
"ind"	0	31	"dalam"
"ind"	0	31	"di"
"ind"	0	31	"di dalam"
"ind"	0	31	"di dalam"
"ind"	0	31	"di dalam"
"ind"	0	31	"di dalam"
"ind"	0	31	"di dalam"
"ind"	0	31	"di dalam"
"ind"	0	31	"di dalam"
"ind"	0	31	"di dalam"
"ind"	0	31	"di dalam"
"ind"	0	31	"di dalam"
"ind"	0	32	"di"
"ind"	0	32	"di"
"ind"	0	32	"di"
"ind"	0	33	"di"
"ind"	0	33	"di"
"ind"	0	33	"di"
"ind"	0	33	"di"
"ind"	0	33	"di"
"ind"	0	33	"di"
"ind"	0	33	"di"
"ind"	0	33	"di atas"
"ind"	0	33	"di atas"
"ind"	0	33	"di atas"
"ind"	0	33	"di atas"
"ind"	0	33	"di atas"
"ind"	0	33	"di atas"
"ind"	0	33	"di atas"
"ind"	0	33	"ke"
"ind"	0	34	"di"
"ind"	0	34	"di"
"ind"	0	34	"di"
"ind"	0	34	"di"
"ind"	0	34	"di"
"ind"	0	34	"di"
"ind"	0	34	"di"
"ind"	0	34	"di"
"ind"	0	34	"di"
"ind"	0	34	"di"
"ind"	0	34	"di"
"ind"	0	34	"di"
"ind"	0	34	"di"
"ind"	0	34	"di atas"
"ind"	0	35	"di"
"ind"	0	35	"di atas"
"ind"	0	35	"di atas"
"ind"	0	35	"di atas"
"ind"	0	35	"di atas"
"ind"	0	35	"di atas"
"ind"	0	35	"di atas"
"ind"	0	35	"di atas"
"ind"	0	35	"di atas"
"ind"	0	35	"di atas"
"ind"	0	35	"di atas"
"ind"	0	35	"di atas"
"ind"	0	35	"di atas"
"ind"	0	35	"di atas"
"ind"	0	36	"di"
"ind"	0	36	"di"
"ind"	0	36	"di"
"ind"	0	36	"di"
"ind"	0	36	"pada"
"ind"	0	37	"dekat"
"ind"	0	37	"di"
"ind"	0	37	"di dekat"
"ind"	0	37	"di dekat"
"ind"	0	37	"di samping"
"ind"	0	37	"di samping"
"ind"	0	37	"di sebelah"
"ind"	0	37	"di sebelah"
"ind"	0	37	"di sebelah"
"ind"	0	37	"di sebelah"
"ind"	0	38	"di"
"ind"	0	38	"di"
"ind"	0	38	"di"
"ind"	0	38	"di"
"ind"	0	39	"di atas"
"ind"	0	39	"di atas"
"ind"	0	39	"di atas"
"ind"	0	39	"di atas"
"ind"	0	39	"di atas"
"ind"	0	39	"di atas"
"ind"	0	39	"di atas"
"ind"	0	39	"di atas"
"ind"	0	39	"di atas"
"ind"	0	39	"di atas"
"ind"	0	39	"di atas"
"ind"	0	39	"di atas"
"ind"	0	39	"di atas"
"ind"	0	39	"di atas"
"ind"	0	40	"dari"
"ind"	0	40	"di"
"ind"	0	40	"di"
"ind"	0	40	"di"
"ind"	0	40	"di"
"ind"	0	40	"di"
"ind"	0	40	"di"
"ind"	0	40	"di"
"ind"	0	40	"di"
"ind"	0	40	"di"
"ind"	0	41	"di"
"ind"	0	41	"di luar"
"ind"	0	42	"di"
"ind"	0	42	"di atas"
"ind"	0	42	"di atas"
"ind"	0	42	"di atas"
"ind"	0	42	"di atas"
"ind"	0	42	"di atas"
"ind"	0	42	"di atas"
"ind"	0	42	"di samping"
"ind"	0	42	"di sebelah"
"ind"	0	43	"di"
"ind"	0	43	"di"
"ind"	0	43	"di"
"ind"	0	43	"di"
"ind"	0	43	"di"
"ind"	0	43	"di"
"ind"	0	43	"di"
"ind"	0	43	"di"
"ind"	0	43	"di"
"ind"	0	43	"di"
"ind"	0	43	"pada"
"ind"	0	44	"di"
"ind"	0	44	"di"
"ind"	0	44	"di"
"ind"	0	44	"di"
"ind"	0	44	"di"
"ind"	0	44	"di"
"ind"	0	44	"di"
"ind"	0	44	"di atas"
"ind"	0	45	"di"
"ind"	0	45	"di"
"ind"	0	46	"di"
"ind"	0	46	"di"
"ind"	0	46	"di"
"ind"	0	46	"di"
"ind"	0	46	"di atas"
"ind"	0	46	"di atas"
"ind"	0	46	"di atas"
"ind"	0	46	"di dalam"
"ind"	0	46	"di dalam"
"ind"	0	46	"di dalam"
"ind"	0	46	"di dalam"
"ind"	0	47	"dari"
"ind"	0	47	"di"
"ind"	0	47	"di"
"ind"	0	47	"di"
"ind"	0	47	"di"
"ind"	0	47	"di"
"ind"	0	47	"di luar"
"ind"	0	47	"pada"
"ind"	0	48	"di"
"ind"	0	48	"di"
"ind"	0	48	"di"
"ind"	0	48	"di"
"ind"	0	48	"di depan"
"ind"	0	48	"di luar"
"ind"	0	48	"di samping"
"ind"	0	48	"di samping"
"ind"	0	48	"di samping"
"ind"	0	48	"di samping"
"ind"	0	49	"di"
"ind"	0	49	"di"
"ind"	0	49	"di"
"ind"	0	49	"di"
"ind"	0	49	"di"
"ind"	0	49	"di"
"ind"	0	49	"di"
"ind"	0	49	"di"
"ind"	0	49	"di"
"ind"	0	49	"di dalam"
"ind"	0	50	"di"
"ind"	0	50	"di"
"ind"	0	50	"di"
"ind"	0	50	"di"
"ind"	0	50	"di"
"ind"	0	50	"di"
"ind"	0	50	"di"
"ind"	0	50	"di"
"ind"	0	50	"di"
"ind"	0	50	"di"
"ind"	0	51	"di"
"ind"	0	51	"di"
"ind"	0	51	"di"
"ind"	0	51	"di"
"ind"	0	51	"di"
"ind"	0	51	"di"
"ind"	0	51	"di"
"ind"	0	51	"di"
"ind"	0	51	"di"
"ind"	0	51	"di"
"ind"	0	52	"dari bawah"
"ind"	0	52	"di"
"ind"	0	52	"di bawah"
"ind"	0	52	"di bawah"
"ind"	0	52	"di bawah"
"ind"	0	52	"di bawah"
"ind"	0	52	"pada sisi bawah"
"ind"	0	53	"dalam"
"ind"	0	53	"dalam"
"ind"	0	53	"dalam"
"ind"	0	53	"di"
"ind"	0	53	"di dalam"
"ind"	0	53	"di dalam"
"ind"	0	53	"di dalam"
"ind"	0	53	"di dalam"
"ind"	0	53	"di dalam"
"ind"	0	53	"di dalam"
"ind"	0	53	"di dalam"
"ind"	0	53	"di dalam"
"ind"	0	53	"di dalam"
"ind"	0	54	"di"
"ind"	0	54	"di"
"ind"	0	54	"di"
"ind"	0	54	"di"
"ind"	0	54	"di"
"ind"	0	54	"di"
"ind"	0	54	"di"
"ind"	0	54	"di"
"ind"	0	55	"di"
"ind"	0	55	"di"
"ind"	0	55	"di"
"ind"	0	55	"di"
"ind"	0	55	"di"
"ind"	0	55	"di atas"
"ind"	0	55	"di atas"
"ind"	0	55	"di depan"
"ind"	0	55	"di depan"
"ind"	0	56	"dari"
"ind"	0	56	"di"
"ind"	0	56	"di"
"ind"	0	56	"di"
"ind"	0	56	"di"
"ind"	0	56	"di"
"ind"	0	57	"di"
"ind"	0	57	"di"
"ind"	0	57	"di"
"ind"	0	57	"di"
"ind"	0	57	"di"
"ind"	0	57	"di"
"ind"	0	57	"di"
"ind"	0	57	"di"
"ind"	0	57	"di"
"ind"	0	57	"ke"
"ind"	0	57	"pada"
"ind"	0	58	"di"
"ind"	0	58	"di atas"
"ind"	0	58	"di atas"
"ind"	0	58	"di atas"
"ind"	0	58	"di atas"
"ind"	0	58	"di atas"
"ind"	0	58	"di atas"
"ind"	0	58	"di atas"
"ind"	0	58	"di atas"
"ind"	0	58	"di atas"
"ind"	0	58	"di atas"
"ind"	0	58	"di atas"
"ind"	0	58	"di atas"
"ind"	0	58	"di atas"
"ind"	0	59	"di tengah"
"ind"	0	60	"di"
"ind"	0	60	"di"
"ind"	0	60	"pada"
"ind"	0	61	"pada"
"ind"	0	62	"dari"
"ind"	0	62	"di"
"ind"	0	62	"di"
"ind"	0	62	"di"
"ind"	0	62	"di"
"ind"	0	62	"di dalam"
"ind"	0	62	"di dalam"
"ind"	0	62	"di dalam"
"ind"	0	63	"di"
"ind"	0	63	"di"
"ind"	0	63	"di balik"
"ind"	0	63	"di balik"
"ind"	0	63	"di balik"
"ind"	0	63	"di balik"
"ind"	0	63	"di balik"
"ind"	0	63	"di belakang"
"ind"	0	63	"di belakang"
"ind"	0	64	"di"
"ind"	0	64	"di"
"ind"	0	64	"di"
"ind"	0	64	"di"
"ind"	0	64	"di"
"ind"	0	64	"di"
"ind"	0	64	"di"
"ind"	0	64	"di atas"
"ind"	0	64	"di atas"
"ind"	0	64	"di atas"
"ind"	0	64	"di atas"
"ind"	0	64	"di atas"
"ind"	0	64	"di atas"
"ind"	0	65	"dari"
"ind"	0	65	"di"
"ind"	0	66	"dalam"
"ind"	0	66	"dalam"
"ind"	0	66	"dari dalam"
"ind"	0	66	"di"
"ind"	0	66	"di"
"ind"	0	66	"di"
"ind"	0	66	"di dalam"
"ind"	0	66	"di dalam"
"ind"	0	66	"di dalam"
"ind"	0	66	"di dalam"
"ind"	0	66	"di dalam"
"ind"	0	66	"pada"
"ind"	0	66	"pada"
"ind"	0	67	"di"
"ind"	0	68	"di"
"ind"	0	68	"di"
"ind"	0	68	"di"
"ind"	0	68	"di"
"ind"	0	68	"di"
"ind"	0	68	"di"
"ind"	0	68	"di"
"ind"	0	68	"di"
"ind"	0	68	"di"
"ind"	0	68	"di"
"ind"	0	68	"pada"
"ind"	0	70	"dalam"
"ind"	0	70	"di"
"ind"	0	70	"di dalam"
"ind"	0	70	"di dalam"
"ind"	0	70	"di dalam"
"ind"	0	70	"di dalam"
"ind"	0	70	"di dalam"
"ind"	0	70	"di dalam"
"ind"	0	70	"di dalam"
"ind"	0	70	"di dalam"
"ind"	0	70	"di dalam"
"ind"	0	70	"di dalam"
"ind"	0	70	"di samping"
"nah"	0	0	"ako pan"
"nah"	0	0	"ikpak"
"nah"	0	0	"iyepan"
"nah"	0	0	"pan"
"nah"	0	1	"ijtik"
"nah"	0	1	"ijtik"
"nah"	0	1	"tlajtek"
"nah"	0	1	"tlajtek"
"nah"	0	3	"nauak"
"nah"	0	3	"nauak"
"nah"	0	4	"pan"
"nah"	0	5	"kiuak"
"nah"	0	6	"ako pan"
"nah"	0	7	"ako pan"
"nah"	0	7	"pan"
"nah"	0	8	"pan"
"nah"	0	9	"nauak"
"nah"	0	10	"ako pan"
"nah"	0	10	"apanko"
"nah"	0	10	"pan"
"nah"	0	11	"ako"
"nah"	0	12	"ako"
"nah"	0	12	"ako"
"nah"	0	12	"ako pan"
"nah"	0	12	"pan"
"nah"	0	13	"ko"
"nah"	0	13	"tlajtek"
"nah"	0	14	"kiuak"
"nah"	0	14	"nauak"
"nah"	0	15	"tlani"
"nah"	0	15	"tlani"
"nah"	0	15	"tlani"
"nah"	0	15	"tlani pan"
"nah"	0	15	"tlani pan"
"nah"	0	16	"pan"
"nah"	0	18	"ako"
"nah"	0	18	"ijtik"
"nah"	0	18	"ko"
"nah"	0	22	"ako"
"nah"	0	22	"ikpak"
"nah"	0	22	"pan"
"nah"	0	24	"ako pan"
"nah"	0	24	"pan"
"nah"	0	28	"iyepan"
"nah"	0	28	"pan"
"nah"	0	29	"ko"
"nah"	0	30	"ikuitlapan"
"nah"	0	30	"iyepan"
"nah"	0	30	"tlani"
"nah"	0	30	"tlani"
"nah"	0	30	"tlani pan"
"nah"	0	31	"ko"
"nah"	0	31	"tlajtek"
"nah"	0	33	"ako"
"nah"	0	33	"ako"
"nah"	0	33	"ako pan"
"nah"	0	33	"pan"
"nah"	0	35	"ako"
"nah"	0	35	"ako pan"
"nah"	0	35	"ako pan"
"nah"	0	35	"iluikak"
"nah"	0	35	"iyepan"
"nah"	0	37	"alauakatl"
"nah"	0	37	"chiko"
"nah"	0	37	"itlak"
"nah"	0	37	"itlak"
"nah"	0	37	"itlak"
"nah"	0	39	"ako"
"nah"	0	39	"ako pan"
"nah"	0	39	"ikpak"
"nah"	0	39	"pan"
"nah"	0	41	"nauak"
"nah"	0	41	"nauak"
"nah"	0	42	"ako"
"nah"	0	42	"ako pan"
"nah"	0	42	"ikpak"
"nah"	0	42	"pan"
"nah"	0	43	"ikpak"
"nah"	0	45	"nauak"
"nah"	0	45	"nauak"
"nah"	0	46	"tlajtek"
"nah"	0	48	"ako"
"nah"	0	48	"imixpan"
"nah"	0	48	"iyepan"
"nah"	0	50	"nauak"
"nah"	0	52	"ako pan"
"nah"	0	52	"tlani pan"
"nah"	0	53	"itech"
"nah"	0	53	"tlajtek"
"nah"	0	54	"iyepan"
"nah"	0	54	"nauak"
"nah"	0	55	"ikampa"
"nah"	0	55	"ixpan"
"nah"	0	57	"pan"
"nah"	0	58	"ako"
"nah"	0	58	"ako pan"
"nah"	0	58	"pan"
"nah"	0	59	"ko"
"nah"	0	59	"ko"
"nah"	0	59	"tlajtek"
"nah"	0	61	"tlajtek"
"nah"	0	63	"ikampa"
"nah"	0	63	"ikampa"
"nah"	0	63	"ikampa"
"nah"	0	63	"ikampa"
"nah"	0	63	"ikampa"
"nah"	0	64	"ako"
"nah"	0	64	"ako"
"nah"	0	64	"ako pan"
"nah"	0	64	"pan"
"nah"	0	64	"pan"
"nah"	0	65	"ko"
"nah"	0	65	"tlajtek"
"nah"	0	66	"itech"
"nah"	0	66	"iyepan"
"nah"	0	66	"ko"
"nah"	0	66	"tlajtek"
"nah"	0	67	"pan"
"nah"	0	70	"itech"
"nah"	0	70	"itech"
"nah"	0	70	"itech"
"que"	0	0	"#NAME?"
"que"	0	0	"hawanpi"
"que"	0	0	"hawanpi"
"que"	0	0	"hawanpi"
"que"	0	0	"hawanpi"
"que"	0	1	"#NAME?"
"que"	0	1	"#NAME?"
"que"	0	2	"hawanpi"
"que"	0	3	"chawpi"
"que"	0	4	"#NAME?"
"que"	0	4	"#NAME?"
"que"	0	4	"#NAME?"
"que"	0	5	"#NAME?"
"que"	0	5	"waqtaman"
"que"	0	5	"waqtaman"
"que"	0	6	"#NAME?"
"que"	0	6	"#NAME?"
"que"	0	6	"#NAME?"
"que"	0	6	"#NAME?"
"que"	0	6	"#NAME?"
"que"	0	7	"#NAME?"
"que"	0	7	"hawanpi"
"que"	0	9	"#NAME?"
"que"	0	9	"#NAME?"
"que"	0	9	"#NAME?"
"que"	0	9	"#NAME?"
"que"	0	10	"hawanpi"
"que"	0	11	"hawanpi"
"que"	0	12	"hawanpi"
"que"	0	12	"hawanpi"
"que"	0	12	"hawanpi"
"que"	0	13	"#NAME?"
"que"	0	13	"#NAME?"
"que"	0	13	"ukhu"
"que"	0	13	"ukhu"
"que"	0	15	"ura"
"que"	0	15	"uranninpi"
"que"	0	15	"uranninpi"
"que"	0	15	"urapi"
"que"	0	15	"urapi"
"que"	0	16	"#NAME?"
"que"	0	16	"#NAME?"
"que"	0	16	"#NAME?"
"que"	0	16	"chawpi"
"que"	0	16	"chawpi"
"que"	0	16	"hawanpi"
"que"	0	17	"#NAME?"
"que"	0	17	"qhipa"
"que"	0	18	"hawanpi"
"que"	0	18	"hawanpi"
"que"	0	22	"hawanpi"
"que"	0	22	"hawanpi"
"que"	0	22	"hawanpi"
"que"	0	22	"hawanpi"
"que"	0	22	"hawanpi"
"que"	0	23	"ura"
"que"	0	23	"ura"
"que"	0	23	"uranninpi"
"que"	0	24	"#NAME?"
"que"	0	24	"#NAME?"
"que"	0	24	"#NAME?"
"que"	0	28	"#NAME?"
"que"	0	28	"#NAME?"
"que"	0	28	"hawanpi"
"que"	0	28	"hawanpi"
"que"	0	28	"hawanpi"
"que"	0	30	"ulay"
"que"	0	30	"ura"
"que"	0	30	"uranninpi"
"que"	0	30	"uranninpi"
"que"	0	30	"uranninpi"
"que"	0	30	"uranninpi"
"que"	0	31	"#NAME?"
"que"	0	31	"ukhu"
"que"	0	31	"ukhu"
"que"	0	32	"#NAME?"
"que"	0	32	"#NAME?"
"que"	0	33	"#NAME?"
"que"	0	33	"#NAME?"
"que"	0	33	"#NAME?"
"que"	0	33	"#NAME?"
"que"	0	33	"hawanpi"
"que"	0	33	"hawanpi"
"que"	0	33	"hawanpi"
"que"	0	33	"hawanpi"
"que"	0	34	"#NAME?"
"que"	0	34	"#NAME?"
"que"	0	35	"hawanpi"
"que"	0	35	"hawanpi"
"que"	0	35	"hawanpi"
"que"	0	36	"#NAME?"
"que"	0	37	"kailla"
"que"	0	38	"#NAME?"
"que"	0	39	"hawanpi"
"que"	0	39	"hawanpi"
"que"	0	39	"hawanpi"
"que"	0	39	"hawanpi"
"que"	0	42	"#NAME?"
"que"	0	42	"hawanpi"
"que"	0	42	"hawanpi"
"que"	0	42	"hawanpi"
"que"	0	42	"pata"
"que"	0	43	"#NAME?"
"que"	0	43	"#NAME?"
"que"	0	43	"#NAME?"
"que"	0	43	"#NAME?"
"que"	0	43	"hawanpi"
"que"	0	43	"hawanpi"
"que"	0	45	"#NAME?"
"que"	0	45	"#NAME?"
"que"	0	45	"#NAME?"
"que"	0	47	"#NAME?"
"que"	0	47	"#NAME?"
"que"	0	49	"#NAME?"
"que"	0	49	"#NAME?"
"que"	0	49	"#NAME?"
"que"	0	49	"#NAME?"
"que"	0	49	"#NAME?"
"que"	0	49	"#NAME?"
"que"	0	50	"#NAME?"
"que"	0	50	"#NAME?"
"que"	0	51	"#NAME?"
"que"	0	51	"#NAME?"
"que"	0	51	"#NAME?"
"que"	0	51	"#NAME?"
"que"	0	52	"ura"
"que"	0	52	"uranninpi"
"que"	0	52	"uranninpi"
"que"	0	52	"uranninpi"
"que"	0	53	"ukhu"
"que"	0	54	"#NAME?"
"que"	0	54	"#NAME?"
"que"	0	54	"#NAME?"
"que"	0	54	"#NAME?"
"que"	0	57	"#NAME?"
"que"	0	57	"#NAME?"
"que"	0	58	"#NAME?"
"que"	0	58	"#NAME?"
"que"	0	58	"hawanpi"
"que"	0	58	"hawanpi"
"que"	0	59	"ukhu"
"que"	0	59	"ukhu"
"que"	0	60	"#NAME?"
"que"	0	61	"hawanpi"
"que"	0	62	"#NAME?"
"que"	0	62	"#NAME?"
"que"	0	62	"#NAME?"
"que"	0	63	"qhipa"
"que"	0	64	"hawanpi"
"que"	0	64	"hawanpi"
"que"	0	64	"hawanpi"
"que"	0	64	"pata"
"que"	0	66	"#NAME?"
"que"	0	66	"ukhu"
"que"	0	67	"#NAME?"
"que"	0	68	"#NAME?"
"que"	0	68	"#NAME?"
"que"	0	68	"#NAME?"
"que"	0	68	"#NAME?"
"que"	0	70	"#NAME?"
"que"	0	70	"#NAME?"
"que"	0	70	"#NAME?"
"swa"	0	0	"juu"
"swa"	0	0	"juu"
"swa"	0	0	"juu"
"swa"	0	0	"juu"
"swa"	0	0	"juu"
"swa"	0	0	"juu"
"swa"	0	0	"juu"
"swa"	0	0	"juu"
"swa"	0	0	"ku"
"swa"	0	0	"ku"
"swa"	0	0	"juu"
"swa"	0	0	"juu"
"swa"	0	0	"juu"
"swa"	0	1	"ndani"
"swa"	0	1	"ndani"
"swa"	0	1	"ndani"
"swa"	0	1	"katika"
"swa"	0	1	"katika"
"swa"	0	1	"ku"
"swa"	0	1	"ndani"
"swa"	0	1	"ku"
"swa"	0	1	"ku"
"swa"	0	1	"ndani"
"swa"	0	1	"ndani"
"swa"	0	2	"juu"
"swa"	0	2	"ku"
"swa"	0	2	"juu"
"swa"	0	2	"ku"
"swa"	0	2	"ku"
"swa"	0	2	"juu"
"swa"	0	2	"#NAME?"
"swa"	0	2	"juu"
"swa"	0	2	"ku"
"swa"	0	2	"ku"
"swa"	0	3	"ku"
"swa"	0	3	"karibu"
"swa"	0	3	"ku"
"swa"	0	3	"ku"
"swa"	0	3	"ku"
"swa"	0	4	"juu"
"swa"	0	4	"#NAME?"
"swa"	0	4	"#NAME?"
"swa"	0	4	"juu"
"swa"	0	4	"#NAME?"
"swa"	0	4	"#NAME?"
"swa"	0	4	"#NAME?"
"swa"	0	4	"juu"
"swa"	0	4	"ku"
"swa"	0	4	"ku"
"swa"	0	5	"nje"
"swa"	0	5	"kando"
"swa"	0	5	"nje"
"swa"	0	5	"karibu"
"swa"	0	5	"nje"
"swa"	0	5	"nje"
"swa"	0	5	"nje"
"swa"	0	5	"nje"
"swa"	0	5	"karibu"
"swa"	0	5	"nje"
"swa"	0	5	"kando"
"swa"	0	5	"nje"
"swa"	0	5	"kando"
"swa"	0	6	"juu"
"swa"	0	6	"ku"
"swa"	0	6	"#NAME?"
"swa"	0	6	"ku"
"swa"	0	6	"juu"
"swa"	0	6	"ku"
"swa"	0	6	"#NAME?"
"swa"	0	6	"#NAME?"
"swa"	0	6	"ku"
"swa"	0	6	"ku"
"swa"	0	6	"ku"
"swa"	0	7	"juu"
"swa"	0	7	"juu"
"swa"	0	7	"ku"
"swa"	0	7	"juu"
"swa"	0	7	"ku"
"swa"	0	7	"ku"
"swa"	0	7	"juu"
"swa"	0	7	"juu"
"swa"	0	7	"juu"
"swa"	0	7	"ku"
"swa"	0	7	"ku"
"swa"	0	7	"juu"
"swa"	0	7	"juu"
"swa"	0	8	"ku"
"swa"	0	8	"ku"
"swa"	0	8	"ku"
"swa"	0	8	"ku"
"swa"	0	8	"ku"
"swa"	0	8	"ku"
"swa"	0	8	"#NAME?"
"swa"	0	8	"ku"
"swa"	0	8	"ku"
"swa"	0	8	"ku"
"swa"	0	8	"ku"
"swa"	0	9	"ku"
"swa"	0	9	"juu"
"swa"	0	9	"ku"
"swa"	0	9	"katika"
"swa"	0	9	"ku"
"swa"	0	9	"ku"
"swa"	0	9	"ku"
"swa"	0	9	"ku"
"swa"	0	10	"juu"
"swa"	0	10	"ku"
"swa"	0	10	"#NAME?"
"swa"	0	10	"karibu"
"swa"	0	10	"juu"
"swa"	0	10	"juu"
"swa"	0	10	"#NAME?"
"swa"	0	10	"ku"
"swa"	0	10	"ku"
"swa"	0	10	"ku"
"swa"	0	10	"#NAME?"
"swa"	0	10	"#NAME?"
"swa"	0	11	"juu"
"swa"	0	11	"juu"
"swa"	0	11	"juu"
"swa"	0	11	"ku"
"swa"	0	11	"ku"
"swa"	0	12	"juu"
"swa"	0	12	"juu"
"swa"	0	12	"juu"
"swa"	0	12	"juu"
"swa"	0	12	"juu"
"swa"	0	12	"juu"
"swa"	0	12	"juu"
"swa"	0	12	"ku"
"swa"	0	12	"juu"
"swa"	0	12	"ku"
"swa"	0	13	"ndani"
"swa"	0	13	"ku"
"swa"	0	13	"ku"
"swa"	0	13	"ndani"
"swa"	0	13	"ndani"
"swa"	0	13	"ndani"
"swa"	0	13	"ku"
"swa"	0	13	"katika"
"swa"	0	13	"ndani"
"swa"	0	13	"ndani"
"swa"	0	13	"ku"
"swa"	0	15	"chini"
"swa"	0	15	"chini"
"swa"	0	15	"chini"
"swa"	0	15	"chini"
"swa"	0	15	"chini"
"swa"	0	15	"chini"
"swa"	0	15	"chini"
"swa"	0	15	"chini"
"swa"	0	15	"nyuma"
"swa"	0	15	"chini"
"swa"	0	15	"chini"
"swa"	0	15	"chini"
"swa"	0	15	"chini"
"swa"	0	16	"ku"
"swa"	0	16	"ku"
"swa"	0	16	"ku"
"swa"	0	16	"juu"
"swa"	0	16	"upande"
"swa"	0	16	"ku"
"swa"	0	16	"kando"
"swa"	0	16	"juu"
"swa"	0	16	"juu"
"swa"	0	16	"ku"
"swa"	0	16	"kando"
"swa"	0	16	"ku"
"swa"	0	16	"kando"
"swa"	0	17	"ku"
"swa"	0	17	"katika"
"swa"	0	17	"ku"
"swa"	0	17	"ku"
"swa"	0	17	"ku"
"swa"	0	18	"juu"
"swa"	0	18	"juu"
"swa"	0	18	"ku"
"swa"	0	18	"juu"
"swa"	0	18	"juu"
"swa"	0	18	"ku"
"swa"	0	18	"katikati"
"swa"	0	18	"ku"
"swa"	0	18	"katika"
"swa"	0	18	"ku"
"swa"	0	18	"juu"
"swa"	0	18	"ku"
"swa"	0	18	"ku"
"swa"	0	19	"ku"
"swa"	0	19	"ku"
"swa"	0	19	"juu"
"swa"	0	19	"ku"
"swa"	0	19	"ku"
"swa"	0	19	"ku"
"swa"	0	19	"juu"
"swa"	0	19	"ku"
"swa"	0	19	"ku"
"swa"	0	19	"ku"
"swa"	0	19	"ku"
"swa"	0	20	"ku"
"swa"	0	20	"ku"
"swa"	0	20	"katika"
"swa"	0	20	"ku"
"swa"	0	21	"katika"
"swa"	0	21	"ku"
"swa"	0	21	"ku"
"swa"	0	21	"juu"
"swa"	0	21	"juu"
"swa"	0	21	"ku"
"swa"	0	21	"ku"
"swa"	0	21	"katika"
"swa"	0	21	"ku"
"swa"	0	21	"ku"
"swa"	0	22	"juu"
"swa"	0	22	"juu"
"swa"	0	22	"juu"
"swa"	0	22	"juu"
"swa"	0	22	"juu"
"swa"	0	22	"juu"
"swa"	0	22	"juu"
"swa"	0	22	"juu"
"swa"	0	22	"juu"
"swa"	0	22	"juu"
"swa"	0	22	"juu"
"swa"	0	22	"juu"
"swa"	0	23	"chini"
"swa"	0	23	"chini"
"swa"	0	23	"chini"
"swa"	0	23	"chini"
"swa"	0	23	"chini"
"swa"	0	24	"juu"
"swa"	0	24	"#NAME?"
"swa"	0	24	"juu"
"swa"	0	24	"#NAME?"
"swa"	0	24	"ku"
"swa"	0	24	"#NAME?"
"swa"	0	24	"#NAME?"
"swa"	0	24	"katika"
"swa"	0	24	"ku"
"swa"	0	24	"ku"
"swa"	0	24	"ku"
"swa"	0	24	"ku"
"swa"	0	25	"ku"
"swa"	0	25	"katika"
"swa"	0	25	"ku"
"swa"	0	25	"ku"
"swa"	0	25	"#NAME?"
"swa"	0	26	"ku"
"swa"	0	26	"juu"
"swa"	0	26	"ku"
"swa"	0	26	"ku"
"swa"	0	26	"ku"
"swa"	0	26	"ku"
"swa"	0	26	"ku"
"swa"	0	26	"ku"
"swa"	0	26	"ku"
"swa"	0	27	"katika"
"swa"	0	27	"juu"
"swa"	0	27	"ku"
"swa"	0	27	"ku"
"swa"	0	27	"ku"
"swa"	0	27	"ku"
"swa"	0	27	"ku"
"swa"	0	27	"ku"
"swa"	0	27	"ndani"
"swa"	0	28	"juu"
"swa"	0	28	"juu"
"swa"	0	28	"#NAME?"
"swa"	0	28	"juu"
"swa"	0	28	"ku"
"swa"	0	28	"ku"
"swa"	0	29	"katika"
"swa"	0	29	"ku"
"swa"	0	29	"katikati"
"swa"	0	29	"katika"
"swa"	0	29	"ku"
"swa"	0	30	"chini"
"swa"	0	30	"chini"
"swa"	0	30	"chini"
"swa"	0	30	"chini"
"swa"	0	30	"chini"
"swa"	0	30	"chini"
"swa"	0	30	"chini"
"swa"	0	30	"chini"
"swa"	0	30	"chini"
"swa"	0	30	"chini"
"swa"	0	30	"chini"
"swa"	0	30	"chini"
"swa"	0	30	"chini"
"swa"	0	31	"ndani"
"swa"	0	31	"ndani"
"swa"	0	31	"ndani"
"swa"	0	31	"katika"
"swa"	0	31	"katika"
"swa"	0	31	"ndani"
"swa"	0	31	"ndani"
"swa"	0	31	"ku"
"swa"	0	31	"ku"
"swa"	0	31	"katika"
"swa"	0	31	"ndani"
"swa"	0	32	"juu"
"swa"	0	32	"juu"
"swa"	0	32	"ku"
"swa"	0	32	"ku"
"swa"	0	32	"ku"
"swa"	0	32	"ku"
"swa"	0	32	"ku"
"swa"	0	32	"ku"
"swa"	0	33	"juu"
"swa"	0	33	"juu"
"swa"	0	33	"juu"
"swa"	0	33	"juu"
"swa"	0	33	"juu"
"swa"	0	33	"juu"
"swa"	0	33	"juu"
"swa"	0	33	"juu"
"swa"	0	33	"juu"
"swa"	0	33	"juu"
"swa"	0	33	"ku"
"swa"	0	33	"juu"
"swa"	0	33	"ku"
"swa"	0	34	"ku"
"swa"	0	34	"ku"
"swa"	0	34	"juu"
"swa"	0	34	"#NAME?"
"swa"	0	34	"#NAME?"
"swa"	0	34	"ku"
"swa"	0	34	"ku"
"swa"	0	34	"ku"
"swa"	0	34	"#NAME?"
"swa"	0	35	"juu"
"swa"	0	35	"juu"
"swa"	0	35	"juu"
"swa"	0	35	"juu"
"swa"	0	35	"juu"
"swa"	0	35	"juu"
"swa"	0	35	"juu"
"swa"	0	35	"juu"
"swa"	0	35	"juu"
"swa"	0	35	"juu"
"swa"	0	35	"juu"
"swa"	0	35	"juu"
"swa"	0	36	"ku"
"swa"	0	36	"ku"
"swa"	0	36	"juu"
"swa"	0	36	"ku"
"swa"	0	36	"ku"
"swa"	0	36	"ku"
"swa"	0	36	"ku"
"swa"	0	36	"juu"
"swa"	0	36	"ku"
"swa"	0	36	"ku"
"swa"	0	36	"ku"
"swa"	0	37	"karibu"
"swa"	0	37	"kando"
"swa"	0	37	"karibu"
"swa"	0	37	"kando"
"swa"	0	37	"karibu"
"swa"	0	37	"karibu"
"swa"	0	37	"kando"
"swa"	0	37	"kando"
"swa"	0	38	"katika"
"swa"	0	38	"katika"
"swa"	0	38	"#NAME?"
"swa"	0	38	"#NAME?"
"swa"	0	39	"juu"
"swa"	0	39	"juu"
"swa"	0	39	"juu"
"swa"	0	39	"juu"
"swa"	0	39	"ku"
"swa"	0	39	"juu"
"swa"	0	39	"juu"
"swa"	0	39	"ku"
"swa"	0	39	"ku"
"swa"	0	40	"juu"
"swa"	0	40	"ku"
"swa"	0	40	"juu"
"swa"	0	40	"ku"
"swa"	0	40	"ku"
"swa"	0	40	"juu"
"swa"	0	40	"ku"
"swa"	0	40	"ku"
"swa"	0	41	"ku"
"swa"	0	41	"ku"
"swa"	0	41	"juu"
"swa"	0	41	"#NAME?"
"swa"	0	41	"#NAME?"
"swa"	0	41	"#NAME?"
"swa"	0	41	"#NAME?"
"swa"	0	41	"#NAME?"
"swa"	0	42	"juu"
"swa"	0	42	"juu"
"swa"	0	42	"juu"
"swa"	0	42	"juu"
"swa"	0	42	"juu"
"swa"	0	42	"juu"
"swa"	0	42	"juu"
"swa"	0	42	"juu"
"swa"	0	42	"juu"
"swa"	0	42	"juu"
"swa"	0	42	"juu"
"swa"	0	42	"chini"
"swa"	0	42	"juu"
"swa"	0	43	"ku"
"swa"	0	43	"ku"
"swa"	0	43	"#NAME?"
"swa"	0	43	"juu"
"swa"	0	43	"#NAME?"
"swa"	0	43	"ku"
"swa"	0	43	"juu"
"swa"	0	43	"#NAME?"
"swa"	0	43	"juu"
"swa"	0	43	"ku"
"swa"	0	43	"ku"
"swa"	0	43	"#NAME?"
"swa"	0	43	"#NAME?"
"swa"	0	44	"juu"
"swa"	0	44	"#NAME?"
"swa"	0	44	"#NAME?"
"swa"	0	44	"juu"
"swa"	0	44	"#NAME?"
"swa"	0	44	"ku"
"swa"	0	44	"#NAME?"
"swa"	0	44	"juu"
"swa"	0	44	"#NAME?"
"swa"	0	44	"#NAME?"
"swa"	0	45	"ku"
"swa"	0	45	"#NAME?"
"swa"	0	45	"katika"
"swa"	0	45	"#NAME?"
"swa"	0	45	"ku"
"swa"	0	45	"#NAME?"
"swa"	0	45	"#NAME?"
"swa"	0	45	"juu"
"swa"	0	45	"ku"
"swa"	0	45	"ku"
"swa"	0	45	"ku"
"swa"	0	45	"#NAME?"
"swa"	0	46	"ndani"
"swa"	0	46	"katika"
"swa"	0	46	"ku"
"swa"	0	46	"ku"
"swa"	0	46	"ndani"
"swa"	0	46	"katika"
"swa"	0	46	"ku"
"swa"	0	46	"ndani"
"swa"	0	46	"ndani"
"swa"	0	46	"ku"
"swa"	0	47	"ku"
"swa"	0	47	"#NAME?"
"swa"	0	47	"ku"
"swa"	0	48	"kando"
"swa"	0	48	"kando"
"swa"	0	48	"karibu"
"swa"	0	48	"nje"
"swa"	0	48	"karibu"
"swa"	0	48	"karibu"
"swa"	0	48	"mbele"
"swa"	0	49	"ku"
"swa"	0	49	"#NAME?"
"swa"	0	49	"juu"
"swa"	0	49	"#NAME?"
"swa"	0	49	"#NAME?"
"swa"	0	49	"#NAME?"
"swa"	0	49	"ku"
"swa"	0	49	"ku"
"swa"	0	49	"#NAME?"
"swa"	0	49	"#NAME?"
"swa"	0	50	"juu"
"swa"	0	50	"ku"
"swa"	0	50	"ku"
"swa"	0	50	"katika"
"swa"	0	50	"#NAME?"
"swa"	0	50	"#NAME?"
"swa"	0	50	"#NAME?"
"swa"	0	51	"ku"
"swa"	0	51	"ku"
"swa"	0	51	"#NAME?"
"swa"	0	51	"juu"
"swa"	0	51	"ku"
"swa"	0	51	"#NAME?"
"swa"	0	51	"katika -ni"
"swa"	0	51	"ku"
"swa"	0	51	"#NAME?"
"swa"	0	51	"#NAME?"
"swa"	0	52	"chini"
"swa"	0	52	"chini"
"swa"	0	52	"chini"
"swa"	0	52	"chini"
"swa"	0	52	"chini"
"swa"	0	52	"chini"
"swa"	0	52	"ndani"
"swa"	0	52	"chini"
"swa"	0	52	"chini"
"swa"	0	53	"ndani"
"swa"	0	53	"ndani"
"swa"	0	53	"ku"
"swa"	0	53	"ndani"
"swa"	0	53	"ku"
"swa"	0	53	"ndani"
"swa"	0	53	"katika"
"swa"	0	53	"ndani"
"swa"	0	53	"ndani"
"swa"	0	53	"ndani"
"swa"	0	54	"ku"
"swa"	0	54	"ku"
"swa"	0	54	"ku"
"swa"	0	54	"ku"
"swa"	0	54	"ku"
"swa"	0	54	"juu"
"swa"	0	54	"ku"
"swa"	0	54	"ku"
"swa"	0	54	"ku"
"swa"	0	54	"#NAME?"
"swa"	0	55	"ku"
"swa"	0	55	"juu"
"swa"	0	55	"ku"
"swa"	0	55	"ku"
"swa"	0	55	"juu"
"swa"	0	56	"ku"
"swa"	0	56	"juu"
"swa"	0	56	"katika"
"swa"	0	57	"ku"
"swa"	0	57	"ku"
"swa"	0	57	"#NAME?"
"swa"	0	57	"juu"
"swa"	0	57	"#NAME?"
"swa"	0	57	"ku"
"swa"	0	57	"#NAME?"
"swa"	0	57	"#NAME?"
"swa"	0	57	"juu"
"swa"	0	57	"ku"
"swa"	0	57	"ku"
"swa"	0	57	"#NAME?"
"swa"	0	57	"ku"
"swa"	0	58	"juu"
"swa"	0	58	"juu"
"swa"	0	58	"juu"
"swa"	0	58	"juu"
"swa"	0	58	"juu"
"swa"	0	58	"juu"
"swa"	0	58	"juu"
"swa"	0	58	"juu"
"swa"	0	58	"juu"
"swa"	0	58	"ku"
"swa"	0	58	"juu"
"swa"	0	58	"juu"
"swa"	0	58	"juu"
"swa"	0	59	"ndani"
"swa"	0	59	"ndani"
"swa"	0	59	"ndani"
"swa"	0	59	"ndani"
"swa"	0	59	"ndani"
"swa"	0	60	"#NAME?"
"swa"	0	60	"ku"
"swa"	0	61	"juu"
"swa"	0	61	"katika"
"swa"	0	61	"juu"
"swa"	0	61	"ku"
"swa"	0	61	"ku"
"swa"	0	62	"ku"
"swa"	0	62	"ku"
"swa"	0	62	"kutoka"
"swa"	0	62	"ku"
"swa"	0	62	"juu ku"
"swa"	0	62	"juu"
"swa"	0	62	"juu"
"swa"	0	62	"karibu"
"swa"	0	63	"nyuma"
"swa"	0	63	"nyuma"
"swa"	0	63	"nyuma"
"swa"	0	63	"nyuma"
"swa"	0	63	"nyuma"
"swa"	0	63	"nyuma"
"swa"	0	63	"nyuma"
"swa"	0	63	"nyuma"
"swa"	0	63	"nyuma"
"swa"	0	63	"nyuma ya"
"swa"	0	63	"nyuma"
"swa"	0	63	"nyuma"
"swa"	0	64	"juu"
"swa"	0	64	"juu"
"swa"	0	64	"juu"
"swa"	0	64	"juu"
"swa"	0	64	"juu"
"swa"	0	64	"juu"
"swa"	0	64	"juu"
"swa"	0	64	"juu"
"swa"	0	64	"juu"
"swa"	0	64	"juu"
"swa"	0	64	"juu"
"swa"	0	64	"juu"
"swa"	0	64	"juu"
"swa"	0	65	"juu"
"swa"	0	65	"nje"
"swa"	0	65	"ku"
"swa"	0	65	"ku"
"swa"	0	66	"ndani"
"swa"	0	66	"ku"
"swa"	0	66	"ndani"
"swa"	0	66	"katika"
"swa"	0	66	"ndani"
"swa"	0	66	"ku"
"swa"	0	66	"ku"
"swa"	0	66	"katika"
"swa"	0	66	"ku"
"swa"	0	66	"ndani"
"swa"	0	66	"ku"
"swa"	0	66	"ku"
"swa"	0	67	"ku"
"swa"	0	67	"ku"
"swa"	0	67	"juu"
"swa"	0	67	"ku"
"swa"	0	67	"mbele"
"swa"	0	67	"ku"
"swa"	0	67	"ku"
"swa"	0	67	"ku"
"swa"	0	68	"ku"
"swa"	0	68	"ku"
"swa"	0	68	"#NAME?"
"swa"	0	68	"katika"
"swa"	0	68	"#NAME?"
"swa"	0	68	"ku"
"swa"	0	68	"#NAME?"
"swa"	0	68	"ku"
"swa"	0	68	"katika"
"swa"	0	68	"ku"
"swa"	0	68	"ku"
"swa"	0	68	"ku"
"swa"	0	69	"ku"
"swa"	0	69	"ku"
"swa"	0	69	"juu"
"swa"	0	69	"katikati"
"swa"	0	69	"ku"
"swa"	0	70	"ndani"
"swa"	0	70	"ku"
"swa"	0	70	"ku"
"swa"	0	70	"ndani"
"swa"	0	70	"ndani"
"swa"	0	70	"ku"
"swa"	0	70	"ndani"
"swa"	0	70	"katika"
"swa"	0	70	"ku"
"swa"	0	70	"ndani"
"swa"	0	70	"ku"
"swa"	0	70	"ku"
"tha"	0	0	"bon"
"tha"	0	0	"bon"
"tha"	0	0	"bon"
"tha"	0	0	"bon"
"tha"	0	0	"bon"
"tha"	0	0	"bon"
"tha"	0	0	"bon"
"tha"	0	0	"bon"
"tha"	0	0	"bon"
"tha"	0	0	"bon"
"tha"	0	0	"bon"
"tha"	0	0	"bon"
"tha"	0	0	"bon"
"tha"	0	0	"bon"
"tha"	0	1	"ni"
"tha"	0	1	"ni"
"tha"	0	1	"ni"
"tha"	0	1	"ni"
"tha"	0	1	"ni"
"tha"	0	1	"ni"
"tha"	0	1	"ni"
"tha"	0	1	"ni"
"tha"	0	1	"ni"
"tha"	0	1	"ni"
"tha"	0	1	"ni"
"tha"	0	1	"phayni"
"tha"	0	1	"thi dan lang"
"tha"	0	2	"bon"
"tha"	0	2	"bon"
"tha"	0	2	"bon"
"tha"	0	2	"bon"
"tha"	0	2	"bon"
"tha"	0	2	"bon"
"tha"	0	2	"bon"
"tha"	0	2	"bon"
"tha"	0	2	"thi"
"tha"	0	3	"bon"
"tha"	0	3	"bon"
"tha"	0	3	"bon"
"tha"	0	3	"kab"
"tha"	0	3	"rob"
"tha"	0	3	"rob"
"tha"	0	3	"rob"
"tha"	0	3	"thi"
"tha"	0	4	"bon"
"tha"	0	4	"bon"
"tha"	0	4	"bon"
"tha"	0	4	"bon"
"tha"	0	4	"bon"
"tha"	0	4	"bon"
"tha"	0	5	"khong"
"tha"	0	5	"khong"
"tha"	0	5	"khong"
"tha"	0	5	"khong"
"tha"	0	5	"khong"
"tha"	0	5	"khong"
"tha"	0	5	"khong"
"tha"	0	5	"khong"
"tha"	0	5	"khong"
"tha"	0	5	"nok"
"tha"	0	5	"nok"
"tha"	0	5	"nok"
"tha"	0	5	"nok"
"tha"	0	6	"bon"
"tha"	0	6	"bon"
"tha"	0	6	"bon"
"tha"	0	6	"bon"
"tha"	0	6	"bon"
"tha"	0	6	"bon"
"tha"	0	6	"bon"
"tha"	0	6	"bon"
"tha"	0	6	"bon"
"tha"	0	6	"bon"
"tha"	0	6	"bon"
"tha"	0	6	"bon"
"tha"	0	6	"bon"
"tha"	0	6	"bon"
"tha"	0	7	"bon"
"tha"	0	7	"bon"
"tha"	0	7	"bon"
"tha"	0	7	"bon"
"tha"	0	7	"bon"
"tha"	0	7	"bon"
"tha"	0	7	"bon"
"tha"	0	7	"bon"
"tha"	0	7	"bon"
"tha"	0	7	"bon"
"tha"	0	7	"bon"
"tha"	0	7	"bon"
"tha"	0	7	"bon"
"tha"	0	7	"bon"
"tha"	0	8	"bon"
"tha"	0	8	"bon"
"tha"	0	8	"bon"
"tha"	0	8	"bon"
"tha"	0	8	"trong"
"tha"	0	9	"bon"
"tha"	0	9	"bon"
"tha"	0	9	"bon"
"tha"	0	9	"bon"
"tha"	0	9	"bon"
"tha"	0	9	"bon"
"tha"	0	9	"bon"
"tha"	0	9	"bon"
"tha"	0	10	"bon"
"tha"	0	10	"bon"
"tha"	0	10	"klang"
"tha"	0	10	"klang"
"tha"	0	10	"ni"
"tha"	0	10	"ni"
"tha"	0	10	"ni"
"tha"	0	10	"ni"
"tha"	0	10	"ni"
"tha"	0	10	"ni"
"tha"	0	10	"ni"
"tha"	0	10	"ni"
"tha"	0	10	"ni"
"tha"	0	11	"bon"
"tha"	0	11	"bon"
"tha"	0	11	"bon"
"tha"	0	11	"bon"
"tha"	0	11	"bon"
"tha"	0	11	"bon"
"tha"	0	11	"bon"
"tha"	0	11	"bon"
"tha"	0	11	"bon"
"tha"	0	12	"henux"
"tha"	0	12	"henux"
"tha"	0	12	"henux"
"tha"	0	12	"henux"
"tha"	0	12	"henux"
"tha"	0	12	"henux"
"tha"	0	12	"henux"
"tha"	0	12	"henux"
"tha"	0	12	"henux"
"tha"	0	12	"khong"
"tha"	0	13	"ni"
"tha"	0	13	"ni"
"tha"	0	13	"ni"
"tha"	0	13	"ni"
"tha"	0	13	"ni"
"tha"	0	13	"ni"
"tha"	0	13	"ni"
"tha"	0	13	"ni"
"tha"	0	13	"ni"
"tha"	0	13	"ni"
"tha"	0	13	"ni"
"tha"	0	13	"ni"
"tha"	0	14	"rob"
"tha"	0	14	"rob"
"tha"	0	14	"rob"
"tha"	0	14	"rob"
"tha"	0	14	"rob"
"tha"	0	15	"fi"
"tha"	0	15	"fi"
"tha"	0	15	"fi"
"tha"	0	15	"tai"
"tha"	0	15	"tai"
"tha"	0	15	"tai"
"tha"	0	15	"tai"
"tha"	0	15	"tai"
"tha"	0	15	"tai"
"tha"	0	15	"tai"
"tha"	0	15	"tai"
"tha"	0	15	"tai"
"tha"	0	15	"tai"
"tha"	0	15	"tai"
"tha"	0	15	"tai"
"tha"	0	16	"bon"
"tha"	0	16	"bon"
"tha"	0	16	"bon"
"tha"	0	16	"bon"
"tha"	0	16	"bon"
"tha"	0	16	"bon"
"tha"	0	16	"bon"
"tha"	0	16	"bon"
"tha"	0	16	"bon"
"tha"	0	16	"bon"
"tha"	0	16	"bon"
"tha"	0	16	"bon"
"tha"	0	16	"bon"
"tha"	0	16	"thi"
"tha"	0	17	"bon"
"tha"	0	17	"bon"
"tha"	0	17	"bon"
"tha"	0	18	"bon"
"tha"	0	18	"bon"
"tha"	0	18	"bon"
"tha"	0	18	"bon"
"tha"	0	18	"bon"
"tha"	0	18	"bon"
"tha"	0	18	"bon"
"tha"	0	18	"bon"
"tha"	0	18	"bon"
"tha"	0	18	"bon"
"tha"	0	18	"ni"
"tha"	0	18	"ni"
"tha"	0	18	"ni"
"tha"	0	19	"bon"
"tha"	0	19	"bon"
"tha"	0	19	"bon"
"tha"	0	19	"bon"
"tha"	0	19	"bon"
"tha"	0	19	"thi"
"tha"	0	20	"kab"
"tha"	0	20	"thi"
"tha"	0	21	"bon"
"tha"	0	21	"bon"
"tha"	0	21	"bon"
"tha"	0	21	"ni"
"tha"	0	21	"ni"
"tha"	0	21	"thi"
"tha"	0	21	"thi"
"tha"	0	21	"thi"
"tha"	0	22	"bon"
"tha"	0	22	"bon"
"tha"	0	22	"bon"
"tha"	0	22	"bon"
"tha"	0	22	"bon"
"tha"	0	22	"bon"
"tha"	0	22	"bon"
"tha"	0	22	"bon"
"tha"	0	22	"bon"
"tha"	0	22	"bon"
"tha"	0	22	"bon"
"tha"	0	22	"bon"
"tha"	0	22	"bon"
"tha"	0	22	"bon"
"tha"	0	22	"bon"
"tha"	0	23	"tai"
"tha"	0	23	"tai"
"tha"	0	23	"tai"
"tha"	0	23	"tai"
"tha"	0	23	"tai"
"tha"	0	23	"tai"
"tha"	0	24	"bon"
"tha"	0	24	"bon"
"tha"	0	24	"bon"
"tha"	0	24	"bon"
"tha"	0	24	"bon"
"tha"	0	24	"bon"
"tha"	0	24	"bon"
"tha"	0	24	"bon"
"tha"	0	24	"bon"
"tha"	0	25	"bon"
"tha"	0	25	"bon"
"tha"	0	25	"bon"
"tha"	0	25	"khong"
"tha"	0	26	"bon"
"tha"	0	26	"bon"
"tha"	0	26	"bon"
"tha"	0	26	"bon"
"tha"	0	26	"bon"
"tha"	0	26	"bon"
"tha"	0	27	"bon"
"tha"	0	27	"bon"
"tha"	0	27	"bon"
"tha"	0	27	"bon"
"tha"	0	27	"bon"
"tha"	0	27	"bon"
"tha"	0	27	"bon"
"tha"	0	27	"bon"
"tha"	0	27	"ni"
"tha"	0	27	"ni"
"tha"	0	28	"bon"
"tha"	0	28	"bon"
"tha"	0	28	"bon"
"tha"	0	29	"klang"
"tha"	0	29	"ni"
"tha"	0	29	"thalu"
"tha"	0	29	"thalu"
"tha"	0	29	"thalu"
"tha"	0	29	"thalu"
"tha"	0	29	"thalu"
"tha"	0	29	"thalu"
"tha"	0	30	"tai"
"tha"	0	30	"tai"
"tha"	0	30	"tai"
"tha"	0	30	"tai"
"tha"	0	30	"tai"
"tha"	0	30	"tai"
"tha"	0	30	"tai"
"tha"	0	30	"tai"
"tha"	0	30	"tai"
"tha"	0	30	"tai"
"tha"	0	30	"tai"
"tha"	0	30	"tai"
"tha"	0	30	"tai"
"tha"	0	30	"tai"
"tha"	0	30	"tai"
"tha"	0	31	"ni"
"tha"	0	31	"ni"
"tha"	0	31	"ni"
"tha"	0	31	"ni"
"tha"	0	31	"ni"
"tha"	0	31	"ni"
"tha"	0	31	"ni"
"tha"	0	31	"ni"
"tha"	0	31	"ni"
"tha"	0	31	"ni"
"tha"	0	31	"ni"
"tha"	0	31	"ni"
"tha"	0	31	"ni"
"tha"	0	32	"bon"
"tha"	0	32	"bon"
"tha"	0	32	"bon"
"tha"	0	32	"bon"
"tha"	0	32	"bon"
"tha"	0	33	"bon"
"tha"	0	33	"bon"
"tha"	0	33	"bon"
"tha"	0	33	"bon"
"tha"	0	33	"bon"
"tha"	0	33	"bon"
"tha"	0	33	"bon"
"tha"	0	33	"bon"
"tha"	0	33	"bon"
"tha"	0	33	"bon"
"tha"	0	33	"bon"
"tha"	0	33	"bon"
"tha"	0	33	"bon"
"tha"	0	34	"bon"
"tha"	0	34	"bon"
"tha"	0	34	"hlang"
"tha"	0	34	"thi"
"tha"	0	34	"thi"
"tha"	0	34	"thi"
"tha"	0	34	"trong"
"tha"	0	35	"bon"
"tha"	0	35	"bon"
"tha"	0	35	"hlang"
"tha"	0	35	"hlang"
"tha"	0	35	"hlang"
"tha"	0	35	"hlang"
"tha"	0	35	"hlang"
"tha"	0	35	"hlang"
"tha"	0	35	"hlang"
"tha"	0	35	"hlang"
"tha"	0	35	"hlang"
"tha"	0	35	"hlang"
"tha"	0	36	"bon"
"tha"	0	36	"bon"
"tha"	0	36	"bon"
"tha"	0	36	"bon"
"tha"	0	36	"bon"
"tha"	0	36	"bon"
"tha"	0	36	"bon"
"tha"	0	36	"bon"
"tha"	0	36	"bon"
"tha"	0	36	"thi"
"tha"	0	36	"thi"
"tha"	0	36	"thi"
"tha"	0	37	"kab"
"tha"	0	37	"khong"
"tha"	0	37	"khong"
"tha"	0	37	"khong"
"tha"	0	37	"khong"
"tha"	0	37	"khong"
"tha"	0	37	"khong"
"tha"	0	37	"khong"
"tha"	0	37	"khong"
"tha"	0	37	"khong"
"tha"	0	37	"khong"
"tha"	0	37	"khong"
"tha"	0	37	"khong"
"tha"	0	38	"ni"
"tha"	0	38	"ni"
"tha"	0	38	"ni"
"tha"	0	38	"thi"
"tha"	0	38	"thi"
"tha"	0	38	"thi"
"tha"	0	39	"bon"
"tha"	0	39	"bon"
"tha"	0	39	"bon"
"tha"	0	39	"bon"
"tha"	0	39	"bon"
"tha"	0	39	"bon"
"tha"	0	39	"bon"
"tha"	0	39	"bon"
"tha"	0	39	"bon"
"tha"	0	39	"bon"
"tha"	0	39	"bon"
"tha"	0	39	"bon"
"tha"	0	39	"bon"
"tha"	0	39	"bon"
"tha"	0	40	"bon"
"tha"	0	40	"bon"
"tha"	0	40	"bon"
"tha"	0	40	"bon"
"tha"	0	40	"bon"
"tha"	0	40	"bon"
"tha"	0	40	"cak"
"tha"	0	40	"khang"
"tha"	0	40	"thi"
"tha"	0	40	"thi"
"tha"	0	41	"bon"
"tha"	0	41	"bon"
"tha"	0	41	"nok"
"tha"	0	41	"thi"
"tha"	0	42	"bon"
"tha"	0	42	"bon"
"tha"	0	42	"bon"
"tha"	0	42	"bon"
"tha"	0	42	"bon"
"tha"	0	42	"bon"
"tha"	0	42	"bon"
"tha"	0	42	"bon"
"tha"	0	42	"bon"
"tha"	0	42	"bon"
"tha"	0	42	"bon"
"tha"	0	42	"henux"
"tha"	0	43	"bon"
"tha"	0	43	"bon"
"tha"	0	43	"bon"
"tha"	0	43	"bon"
"tha"	0	43	"bon"
"tha"	0	43	"bon"
"tha"	0	43	"bon"
"tha"	0	43	"bon"
"tha"	0	43	"bon"
"tha"	0	43	"bon"
"tha"	0	43	"thi"
"tha"	0	43	"thi"
"tha"	0	43	"thi"
"tha"	0	44	"bon"
"tha"	0	44	"bon"
"tha"	0	44	"bon"
"tha"	0	44	"bon"
"tha"	0	44	"bon"
"tha"	0	44	"bon"
"tha"	0	44	"bon"
"tha"	0	44	"bon"
"tha"	0	44	"bon"
"tha"	0	44	"bon"
"tha"	0	44	"bon"
"tha"	0	44	"cak"
"tha"	0	45	"bon"
"tha"	0	45	"bon"
"tha"	0	45	"bon"
"tha"	0	45	"bon"
"tha"	0	45	"rob"
"tha"	0	45	"thi"
"tha"	0	45	"thi"
"tha"	0	45	"thi"
"tha"	0	46	"bon"
"tha"	0	46	"bon"
"tha"	0	46	"bon"
"tha"	0	46	"bon"
"tha"	0	46	"ni"
"tha"	0	46	"ni"
"tha"	0	46	"ni"
"tha"	0	46	"ni"
"tha"	0	46	"ni"
"tha"	0	46	"ni"
"tha"	0	46	"ni"
"tha"	0	46	"ni"
"tha"	0	47	"bon"
"tha"	0	47	"bon"
"tha"	0	47	"bon"
"tha"	0	47	"bon"
"tha"	0	47	"bon"
"tha"	0	47	"dan nok"
"tha"	0	47	"nok"
"tha"	0	47	"nok"
"tha"	0	47	"nok"
"tha"	0	47	"nok"
"tha"	0	47	"thi"
"tha"	0	47	"thi"
"tha"	0	48	"khong"
"tha"	0	48	"khong"
"tha"	0	48	"khong"
"tha"	0	48	"khong"
"tha"	0	48	"khong"
"tha"	0	48	"thi"
"tha"	0	48	"wi hna"
"tha"	0	49	"bon"
"tha"	0	49	"bon"
"tha"	0	49	"bon"
"tha"	0	49	"bon"
"tha"	0	49	"kab"
"tha"	0	49	"khang"
"tha"	0	49	"thi"
"tha"	0	49	"thi"
"tha"	0	50	"bon"
"tha"	0	50	"rob"
"tha"	0	50	"thi"
"tha"	0	50	"thi"
"tha"	0	51	"bon"
"tha"	0	51	"bon"
"tha"	0	51	"bon"
"tha"	0	51	"bon"
"tha"	0	51	"bon"
"tha"	0	51	"bon"
"tha"	0	51	"bon"
"tha"	0	51	"bon"
"tha"	0	51	"bon"
"tha"	0	51	"bon"
"tha"	0	51	"bon"
"tha"	0	51	"bon"
"tha"	0	51	"thi"
"tha"	0	52	"cak"
"tha"	0	52	"cak"
"tha"	0	52	"cak"
"tha"	0	52	"cak"
"tha"	0	52	"cak"
"tha"	0	52	"tai"
"tha"	0	52	"tai"
"tha"	0	52	"tai"
"tha"	0	52	"tai"
"tha"	0	53	"ni"
"tha"	0	53	"ni"
"tha"	0	53	"ni"
"tha"	0	53	"ni"
"tha"	0	53	"ni"
"tha"	0	53	"ni"
"tha"	0	53	"ni"
"tha"	0	53	"ni"
"tha"	0	53	"ni"
"tha"	0	53	"ni"
"tha"	0	53	"ni"
"tha"	0	53	"ni"
"tha"	0	53	"ni"
"tha"	0	54	"rob"
"tha"	0	54	"rob"
"tha"	0	54	"rob"
"tha"	0	54	"rob"
"tha"	0	54	"rob"
"tha"	0	54	"rob"
"tha"	0	54	"rob"
"tha"	0	54	"rob"
"tha"	0	54	"rob"
"tha"	0	54	"rob"
"tha"	0	54	"rob"
"tha"	0	54	"rob"
"tha"	0	55	"bon"
"tha"	0	55	"bon"
"tha"	0	55	"bon"
"tha"	0	55	"bon"
"tha"	0	55	"bon"
"tha"	0	55	"bon"
"tha"	0	55	"bon"
"tha"	0	55	"bon"
"tha"	0	55	"khun su yad"
"tha"	0	55	"thi"
"tha"	0	56	"bon"
"tha"	0	56	"bon"
"tha"	0	56	"thi"
"tha"	0	57	"khang"
"tha"	0	57	"khang"
"tha"	0	57	"khong"
"tha"	0	58	"bon"
"tha"	0	58	"bon"
"tha"	0	58	"bon"
"tha"	0	58	"bon"
"tha"	0	58	"bon"
"tha"	0	58	"bon"
"tha"	0	58	"bon"
"tha"	0	58	"bon"
"tha"	0	58	"bon"
"tha"	0	58	"bon"
"tha"	0	58	"bon"
"tha"	0	58	"bon"
"tha"	0	58	"bon"
"tha"	0	58	"bon"
"tha"	0	58	"bon"
"tha"	0	59	"klang"
"tha"	0	59	"ni"
"tha"	0	59	"ni"
"tha"	0	59	"ni"
"tha"	0	59	"ni"
"tha"	0	59	"phayni"
"tha"	0	59	"rob"
"tha"	0	60	"bon"
"tha"	0	60	"bon"
"tha"	0	60	"kab"
"tha"	0	61	"bon"
"tha"	0	61	"thi"
"tha"	0	61	"thi"
"tha"	0	61	"thi"
"tha"	0	62	"bon"
"tha"	0	62	"bon"
"tha"	0	62	"bon"
"tha"	0	62	"bon"
"tha"	0	62	"bon"
"tha"	0	62	"bon"
"tha"	0	62	"bon"
"tha"	0	62	"bon"
"tha"	0	62	"bon"
"tha"	0	62	"bon"
"tha"	0	62	"cak"
"tha"	0	62	"cak"
"tha"	0	63	"hlang"
"tha"	0	63	"hlang"
"tha"	0	63	"hlang"
"tha"	0	63	"hlang"
"tha"	0	63	"hlang"
"tha"	0	63	"hlang"
"tha"	0	63	"hlang"
"tha"	0	63	"hlang"
"tha"	0	63	"hlang"
"tha"	0	63	"hlang"
"tha"	0	63	"hlang"
"tha"	0	63	"hlang"
"tha"	0	63	"hlang"
"tha"	0	64	"bon"
"tha"	0	64	"bon"
"tha"	0	64	"bon"
"tha"	0	64	"bon"
"tha"	0	64	"bon"
"tha"	0	64	"bon"
"tha"	0	64	"bon"
"tha"	0	64	"bon"
"tha"	0	64	"bon"
"tha"	0	64	"bon"
"tha"	0	64	"bon"
"tha"	0	64	"bon"
"tha"	0	64	"bon"
"tha"	0	64	"bon"
"tha"	0	64	"bon"
"tha"	0	65	"kab"
"tha"	0	65	"kab"
"tha"	0	66	"ni"
"tha"	0	66	"ni"
"tha"	0	66	"ni"
"tha"	0	66	"ni"
"tha"	0	66	"ni"
"tha"	0	66	"ni"
"tha"	0	66	"ni"
"tha"	0	66	"ni"
"tha"	0	66	"ni"
"tha"	0	66	"ni"
"tha"	0	66	"ni"
"tha"	0	66	"ni"
"tha"	0	67	"bon"
"tha"	0	67	"bon"
"tha"	0	67	"bon"
"tha"	0	67	"bon"
"tha"	0	67	"bon"
"tha"	0	67	"bon"
"tha"	0	68	"ni"
"tha"	0	68	"thi"
"tha"	0	68	"thi"
"tha"	0	68	"thi"
"tha"	0	68	"thi"
"tha"	0	68	"thi"
"tha"	0	68	"thi"
"tha"	0	69	"thalu"
"tha"	0	70	"ni"
"tha"	0	70	"ni"
"tha"	0	70	"ni"
"tha"	0	70	"ni"
"tha"	0	70	"ni"
"tha"	0	70	"ni"
"tha"	0	70	"ni"
"tha"	0	70	"ni"
"tha"	0	70	"ni"
"tha"	0	70	"ni"
"tha"	0	70	"ni"
"tha"	0	70	"ni"
"tha"	0	70	"thi"
